sku_id,taxonomy_id,taxonomy_name,,,,,,,,,,,,,,,,,,
12126,747afa89-dd09-4a91-b247-c2b8364ebd7d,RĂNG MIỆNG,,,,,,,,,,,,,,,,,,
16252,e4c6e363-4147-6404-d098-3a1909e11e58,SẸO,,,,,,,,,,,,,,,,,,
5221,bd577672-d2a0-4762-bc2a-080678c3d26f,TRÀ VÀ BỘT PHA NƯỚC,,,,,,,,,,,,,,,,,,
2668,2111a9c4-c14c-4936-a939-be6eb4aaf8db,KẸO CAO SU,,,,,,,,,,,,,,,,,,
21586,f11f8e97-aa4f-48f2-3cae-3a1909e04181,RỬA MẶT,,,,,,,,,,,,,,,,,,
43443,feb0a94e-2a64-a648-b8bc-3a1909c6179a,KEM BÔI,,,,,,,,,,,,,,,,,,
17305,c4ae904a-c1d4-e515-2620-3a1909ba43f4,DDVS PHỤ NỮ,,,,,,,,,,,,,,,,,,
28112,502d459c-bce9-0f3f-f74a-3a190983e97c,CHỐNG NẮNG MẶT,,,,,,,,,,,,,,,,,,
44930,582dee34-a2df-4413-be55-6942c1c650ce,Ký Sinh Trùng-Mèo,,,,,,,,,,,,,,,,,,
44853,ca6967c1-b946-4732-9a83-66c488770875,Tuyến thượng thận,,,,,,,,,,,,,,,,,,
44340,86281cf5-78b4-a70c-2b33-3a1909e184f9,TẮM GỘI,,,,,,,,,,,,,,,,,,
37150,a1ca1777-2899-a473-f085-3a15d00fefaf,DUNG MÔI VACCINE,,,,,,,,,,,,,,,,,,
10575,e52fd26c-95a0-4a8a-be58-49d68ff01200,DẦU GỘI,,,,,,,,,,,,,,,,,,
27555,f11f8e97-aa4f-48f2-3cae-3a1909e04181,RỬA MẶT,,,,,,,,,,,,,,,,,,
18021,3b06b341-0972-42cf-9237-80d6025e69ac,TETRACYCLIN,,,,,,,,,,,,,,,,,,
10675,bd577672-d2a0-4762-bc2a-080678c3d26f,TRÀ VÀ BỘT PHA NƯỚC,,,,,,,,,,,,,,,,,,
13759,bd577672-d2a0-4762-bc2a-080678c3d26f,TRÀ VÀ BỘT PHA NƯỚC,,,,,,,,,,,,,,,,,,
16259,0c4998dc-5fd4-40e3-bf14-41f9260735ee,QUINOLOL,,,,,,,,,,,,,,,,,,
9941,7206aadb-c2e9-481b-985f-821380b1ac16,MẸ VÀ BÉ,,,,,,,,,,,,,,,,,,
18448,c221e1fc-abf7-43ac-8607-71c6933848ec,PHENICOL,,,,,,,,,,,,,,,,,,
20780,66d520c8-0233-4138-89e9-121b2a5b7f2e,DẠ DÀY VIÊN,,,,,,,,,,,,,,,,,,
17017,c89527af-4fa4-4250-b4e9-5fdc823b0a26,KHÁC,,,,,,,,,,,,,,,,,,
32682,c89527af-4fa4-4250-b4e9-5fdc823b0a26,KHÁC,,,,,,,,,,,,,,,,,,
31587,c59032eb-109f-4878-8c0d-62f562d43685,DƯỠNG TÓC,,,,,,,,,,,,,,,,,,
32725,a16a5599-9aa3-43cc-90ad-ff229f612822,DÙNG NGOÀI,,,,,,,,,,,,,,,,,,
13207,e4c6e363-4147-6404-d098-3a1909e11e58,SẸO,,,,,,,,,,,,,,,,,,
44900,94d4f39a-d3d4-4565-a932-620b8c2f812b,Cơ xương,,,,,,,,,,,,,,,,,,
32218,c7d64dae-63bd-4dc5-bd16-2c9d132961d6,TONER,,,,,,,,,,,,,,,,,,
45956,13ea5d58-b4f1-462d-a25d-090e4044f1be,Tiểu đường thai kỳ,,,,,,,,,,,,,,,,,,
16462,dfddc31a-0af1-5a97-b42b-3a1909c51f01,GIÃN TĨNH MẠCH,,,,,,,,,,,,,,,,,,
21668,c7d64dae-63bd-4dc5-bd16-2c9d132961d6,TONER,,,,,,,,,,,,,,,,,,
21691,b2fde648-3738-4a77-97f8-a10756ec370d,PHỤ KHOA,,,,,,,,,,,,,,,,,,
16271,66d520c8-0233-4138-89e9-121b2a5b7f2e,DẠ DÀY VIÊN,,,,,,,,,,,,,,,,,,
2670,c444f3bc-c8fa-4493-b99e-cb481a536bd7,KẸO CỨNG,,,,,,,,,,,,,,,,,,
359,0579cca9-884d-65ae-5197-3a1909c1df32,DƯỠNG TRẮNG DA,,,,,,,,,,,,,,,,,,
19394,0c4998dc-5fd4-40e3-bf14-41f9260735ee,QUINOLOL,,,,,,,,,,,,,,,,,,
21044,4b950f10-aa1b-484f-b859-72f7e835a37b,BỔ XƯƠNG,,,,,,,,,,,,,,,,,,
21302,0c4998dc-5fd4-40e3-bf14-41f9260735ee,QUINOLOL,,,,,,,,,,,,,,,,,,
18357,703c34c6-4fbe-45ea-982b-c0e4d194c9e7,BETA LACTAM,,,,,,,,,,,,,,,,,,
40975,7121f292-e603-46f3-99a5-4761bde3080f,MARKETING,,,,,,,,,,,,,,,,,,
45364,d78ffe24-9084-4d7b-bc18-cd646dd86e3a,TIM MẠCH,,,,,,,,,,,,,,,,,,
33171,e11f35ff-b985-a8ad-1d7d-3a1909da5b9e,MỤN,,,,,,,,,,,,,,,,,,
42456,e9f33f28-0289-aafe-a841-3a1909bf7ee7,DƯỠNG ẨM TOÀN THÂN,,,,,,,,,,,,,,,,,,
15308,225659b5-e83b-f5ef-e767-3a1909d189a8,KHÁNG KHUẨN,,,,,,,,,,,,,,,,,,
15916,0579cca9-884d-65ae-5197-3a1909c1df32,DƯỠNG TRẮNG DA,,,,,,,,,,,,,,,,,,
21493,87bf31ab-c600-43ce-8246-5ab74e792a4a,THẦN KINH NÃO,,,,,,,,,,,,,,,,,,
16500,0b019f22-ffe0-e4fc-f1cb-3a1909c581d2,HĂM - RÔM SẢY,,,,,,,,,,,,,,,,,,
13837,e9f33f28-0289-aafe-a841-3a1909bf7ee7,DƯỠNG ẨM TOÀN THÂN,,,,,,,,,,,,,,,,,,
19989,66d520c8-0233-4138-89e9-121b2a5b7f2e,DẠ DÀY VIÊN,,,,,,,,,,,,,,,,,,
32842,81f119af-f439-4f6e-a061-b59e50044e57,XƯƠNG KHỚP,,,,,,,,,,,,,,,,,,
45028,dc1646aa-28a6-4464-b8f0-d503ff1a4eaa,HIV,,,,,,,,,,,,,,,,,,
45353,b5978363-7cf9-2a26-d37c-3a1e0fc11d90,Gạc,,,,,,,,,,,,,,,,,,
45017,f321dfb6-3265-41a4-baca-cecb743010d9,Phổi,,,,,,,,,,,,,,,,,,
13834,f11f8e97-aa4f-48f2-3cae-3a1909e04181,RỬA MẶT,,,,,,,,,,,,,,,,,,
20411,703c34c6-4fbe-45ea-982b-c0e4d194c9e7,BETA LACTAM,,,,,,,,,,,,,,,,,,
15019,85ef207a-ba3a-4d93-b3b7-eea5c395b822,HỖ TRỢ KHÔ MẮT,,,,,,,,,,,,,,,,,,
12962,66d520c8-0233-4138-89e9-121b2a5b7f2e,DẠ DÀY VIÊN,,,,,,,,,,,,,,,,,,
17463,0b019f22-ffe0-e4fc-f1cb-3a1909c581d2,HĂM - RÔM SẢY,,,,,,,,,,,,,,,,,,
10654,c3c1f0b3-c02f-4f73-9e5f-13e253d1c736,ĐỘNG KINH,,,,,,,,,,,,,,,,,,
12268,bd577672-d2a0-4762-bc2a-080678c3d26f,TRÀ VÀ BỘT PHA NƯỚC,,,,,,,,,,,,,,,,,,
26523,c7d64dae-63bd-4dc5-bd16-2c9d132961d6,TONER,,,,,,,,,,,,,,,,,,
17212,bd577672-d2a0-4762-bc2a-080678c3d26f,TRÀ VÀ BỘT PHA NƯỚC,,,,,,,,,,,,,,,,,,
2679,36b946c5-eaf5-f7de-017d-3a1909dc1086,NGỪA LÃO HÓA,,,,,,,,,,,,,,,,,,
17988,703c34c6-4fbe-45ea-982b-c0e4d194c9e7,BETA LACTAM,,,,,,,,,,,,,,,,,,
34271,f27b72c5-9625-4a1a-bea0-5443e4de7f1b,CÚM,,,,,,,,,,,,,,,,,,
34290,b8a1f38f-872b-40ba-ad11-fb88130cae1b,LAO,,,,,,,,,,,,,,,,,,
32710,226da885-db96-4dcb-9a60-38ec904cad85,TIÊU HÓA,,,,,,,,,,,,,,,,,,
27672,aa908a2b-3e5c-49c5-ab4c-ada735e2b835,VĂN PHÒNG PHẨM HO,,,,,,,,,,,,,,,,,,
37754,2f0d0b53-d8f7-44ff-bb83-3a0fdbe7efca,Kim Tiểu Đường,,,,,,,,,,,,,,,,,,
36616,e11f35ff-b985-a8ad-1d7d-3a1909da5b9e,MỤN,,,,,,,,,,,,,,,,,,
44806,288106ec-f334-4858-8869-4bea3824f6d1,Nồng độ thuốc,,,,,,,,,,,,,,,,,,
811,4e91fa6d-563c-4a84-ba97-8e27d0f55634,TẨY TRANG,,,,,,,,,,,,,,,,,,
33178,8d086838-a566-ccba-2da0-3a0fe5e27927,BẠI LIỆT,,,,,,,,,,,,,,,,,,
27366,e9f33f28-0289-aafe-a841-3a1909bf7ee7,DƯỠNG ẨM TOÀN THÂN,,,,,,,,,,,,,,,,,,
12396,c67c9163-d9a6-74c8-1d95-3a1909bdc061,DƯỠNG ẨM MẶT,,,,,,,,,,,,,,,,,,
11604,a717a565-963d-4256-93a3-8a2cd006d51c,HÀNG HÓA HÀNH CHÍNH,,,,,,,,,,,,,,,,,,
21538,5f2ed6cf-4002-bc65-0801-3a1909bb4fe2,DƯỠNG ẨM CHÂN,,,,,,,,,,,,,,,,,,
43424,44ee3c0c-1992-b476-c87c-3a1909ddbf03,NƯỚC SÚC MIỆNG CHO BÉ,,,,,,,,,,,,,,,,,,
16784,703c34c6-4fbe-45ea-982b-c0e4d194c9e7,BETA LACTAM,,,,,,,,,,,,,,,,,,
32644,3642f74c-f610-4e60-847d-6d8aa6e2cd3f,DẠ DÀY - TÁ TRÀNG,,,,,,,,,,,,,,,,,,
42709,7dfae42c-80ce-8739-a713-3a1909c43c38,GEL NGẬM,,,,,,,,,,,,,,,,,,
43251,e9f33f28-0289-aafe-a841-3a1909bf7ee7,DƯỠNG ẨM TOÀN THÂN,,,,,,,,,,,,,,,,,,
35707,d6dbeddb-a9be-4456-a83a-0b6b2f221e9f,TRẦM CẢM,,,,,,,,,,,,,,,,,,
3012,86281cf5-78b4-a70c-2b33-3a1909e184f9,TẮM GỘI,,,,,,,,,,,,,,,,,,
45409,df3567fa-c5a0-434e-9f9d-e96131f13ae5,UNG THƯ,,,,,,,,,,,,,,,,,,
14867,9dc86501-b40b-4599-8f26-3a1909b52585,CHỐNG THÂM QUẦNG,,,,,,,,,,,,,,,,,,
18841,703c34c6-4fbe-45ea-982b-c0e4d194c9e7,BETA LACTAM,,,,,,,,,,,,,,,,,,
13893,e11f35ff-b985-a8ad-1d7d-3a1909da5b9e,MỤN,,,,,,,,,,,,,,,,,,
16053,bd577672-d2a0-4762-bc2a-080678c3d26f,TRÀ VÀ BỘT PHA NƯỚC,,,,,,,,,,,,,,,,,,
2674,2111a9c4-c14c-4936-a939-be6eb4aaf8db,KẸO CAO SU,,,,,,,,,,,,,,,,,,
3104,c444f3bc-c8fa-4493-b99e-cb481a536bd7,KẸO CỨNG,,,,,,,,,,,,,,,,,,
19400,2d302181-447c-4ad4-9d57-ba5aff4876b6,DỊ ỨNG NGỨA,,,,,,,,,,,,,,,,,,
40653,39c24ad6-6b0f-4413-a140-9bb7d336ebe4,SỞI – QUAI BỊ – RUBELLA,,,,,,,,,,,,,,,,,,
42887,c4ae904a-c1d4-e515-2620-3a1909ba43f4,DDVS PHỤ NỮ,,,,,,,,,,,,,,,,,,
32736,fc28ebda-db20-48a6-9553-c371623ebf41,HÔ HẤP XOANG CẢM CÚM,,,,,,,,,,,,,,,,,,
32658,f82b4e51-951c-4c38-b630-52befb142d91,MẮT,,,,,,,,,,,,,,,,,,
30790,e9f33f28-0289-aafe-a841-3a1909bf7ee7,DƯỠNG ẨM TOÀN THÂN,,,,,,,,,,,,,,,,,,
33910,b8a1f38f-872b-40ba-ad11-fb88130cae1b,LAO,,,,,,,,,,,,,,,,,,
43211,1e70d6a5-9b9b-0ae8-9ad9-3a190a1e1e62,DẦU GỘI NHUỘM,,,,,,,,,,,,,,,,,,
44950,7e64fa69-85c0-406d-b92e-dc6865815c96,Viêm Gan C,,,,,,,,,,,,,,,,,,
44804,288106ec-f334-4858-8869-4bea3824f6d1,Nồng độ thuốc,,,,,,,,,,,,,,,,,,
42716,36b946c5-eaf5-f7de-017d-3a1909dc1086,NGỪA LÃO HÓA,,,,,,,,,,,,,,,,,,
2783,226da885-db96-4dcb-9a60-38ec904cad85,TIÊU HÓA,,,,,,,,,,,,,,,,,,
11853,c67c9163-d9a6-74c8-1d95-3a1909bdc061,DƯỠNG ẨM MẶT,,,,,,,,,,,,,,,,,,
693,e11f35ff-b985-a8ad-1d7d-3a1909da5b9e,MỤN,,,,,,,,,,,,,,,,,,
15025,c4ae904a-c1d4-e515-2620-3a1909ba43f4,DDVS PHỤ NỮ,,,,,,,,,,,,,,,,,,
21699,c89527af-4fa4-4250-b4e9-5fdc823b0a26,KHÁC,,,,,,,,,,,,,,,,,,
19062,66d520c8-0233-4138-89e9-121b2a5b7f2e,DẠ DÀY VIÊN,,,,,,,,,,,,,,,,,,
12979,66d520c8-0233-4138-89e9-121b2a5b7f2e,DẠ DÀY VIÊN,,,,,,,,,,,,,,,,,,
17139,7206aadb-c2e9-481b-985f-821380b1ac16,MẸ VÀ BÉ,,,,,,,,,,,,,,,,,,
171,d78ffe24-9084-4d7b-bc18-cd646dd86e3a,TIM MẠCH,,,,,,,,,,,,,,,,,,
4001,c89527af-4fa4-4250-b4e9-5fdc823b0a26,KHÁC,,,,,,,,,,,,,,,,,,
3862,747afa89-dd09-4a91-b247-c2b8364ebd7d,RĂNG MIỆNG,,,,,,,,,,,,,,,,,,
21407,e9f33f28-0289-aafe-a841-3a1909bf7ee7,DƯỠNG ẨM TOÀN THÂN,,,,,,,,,,,,,,,,,,
21172,18e207e6-62a7-4adc-b659-d20bd8071e9b,DẠ DÀY GÓI,,,,,,,,,,,,,,,,,,
40670,a1ae934d-851a-4394-8391-2c7ed7e04711,VIÊM GAN A,,,,,,,,,,,,,,,,,,
42883,e9f33f28-0289-aafe-a841-3a1909bf7ee7,DƯỠNG ẨM TOÀN THÂN,,,,,,,,,,,,,,,,,,
22164,c89527af-4fa4-4250-b4e9-5fdc823b0a26,KHÁC,,,,,,,,,,,,,,,,,,
32821,c89527af-4fa4-4250-b4e9-5fdc823b0a26,KHÁC,,,,,,,,,,,,,,,,,,
32793,81c7491e-2f36-4a55-9e26-59fa24908515,BỔ SUNG VITAMIN,,,,,,,,,,,,,,,,,,
32369,87bf31ab-c600-43ce-8246-5ab74e792a4a,THẦN KINH NÃO,,,,,,,,,,,,,,,,,,
32685,96a84708-e79e-47fb-b38a-5f95f6455709,CHĂM SÓC DA DẦU DA MỤN,,,,,,,,,,,,,,,,,,
32678,c89527af-4fa4-4250-b4e9-5fdc823b0a26,KHÁC,,,,,,,,,,,,,,,,,,
41394,e11f35ff-b985-a8ad-1d7d-3a1909da5b9e,MỤN,,,,,,,,,,,,,,,,,,
43374,86d1bbe2-e415-4da1-4927-3a1909b7f630,DẦU GỘI TRỊ GÀU,,,,,,,,,,,,,,,,,,
44914,e13d598f-950d-4221-8a0b-b8dbf23bbdda,Lupus,,,,,,,,,,,,,,,,,,
44858,73088404-6014-492c-82a8-817f69f592b4,Tuyến yên,,,,,,,,,,,,,,,,,,
44293,226da885-db96-4dcb-9a60-38ec904cad85,TIÊU HÓA,,,,,,,,,,,,,,,,,,
21661,c67c9163-d9a6-74c8-1d95-3a1909bdc061,DƯỠNG ẨM MẶT,,,,,,,,,,,,,,,,,,
13496,9fde8af9-8109-412b-808f-1a73c8fead23,CHĂM SÓC DA,,,,,,,,,,,,,,,,,,
15104,0c4998dc-5fd4-40e3-bf14-41f9260735ee,QUINOLOL,,,,,,,,,,,,,,,,,,
11521,a717a565-963d-4256-93a3-8a2cd006d51c,HÀNG HÓA HÀNH CHÍNH,,,,,,,,,,,,,,,,,,
17219,7206aadb-c2e9-481b-985f-821380b1ac16,MẸ VÀ BÉ,,,,,,,,,,,,,,,,,,
15672,2111a9c4-c14c-4936-a939-be6eb4aaf8db,KẸO CAO SU,,,,,,,,,,,,,,,,,,
5067,7206aadb-c2e9-481b-985f-821380b1ac16,MẸ VÀ BÉ,,,,,,,,,,,,,,,,,,
10954,b2fde648-3738-4a77-97f8-a10756ec370d,PHỤ KHOA,,,,,,,,,,,,,,,,,,
3.19E+04,f11f8e97-aa4f-48f2-3cae-3a1909e04181,RỬA MẶT,,,,,,,,,,,,,,,,,,
21384,1880311b-e95a-e98d-b715-3a190984508c,CHỐNG NẮNG TOÀN THÂN,,,,,,,,,,,,,,,,,,
18339,703c34c6-4fbe-45ea-982b-c0e4d194c9e7,BETA LACTAM,,,,,,,,,,,,,,,,,,
19992,66d520c8-0233-4138-89e9-121b2a5b7f2e,DẠ DÀY VIÊN,,,,,,,,,,,,,,,,,,
20869,fdba87ca-02f1-4174-b973-17f36709637e,TINH DẦU,,,,,,,,,,,,,,,,,,
42582,49acfb3b-e9dc-4931-a976-69d90575115c,DẦU XẢ,,,,,,,,,,,,,,,,,,
42904,e52fd26c-95a0-4a8a-be58-49d68ff01200,DẦU GỘI,,,,,,,,,,,,,,,,,,
34281,371c386a-ce04-4e40-8a1b-a97bbba94f82,VIÊM GAN B,,,,,,,,,,,,,,,,,,
30629,f11f8e97-aa4f-48f2-3cae-3a1909e04181,RỬA MẶT,,,,,,,,,,,,,,,,,,
32812,c89527af-4fa4-4250-b4e9-5fdc823b0a26,KHÁC,,,,,,,,,,,,,,,,,,
32798,3642f74c-f610-4e60-847d-6d8aa6e2cd3f,DẠ DÀY - TÁ TRÀNG,,,,,,,,,,,,,,,,,,
31349,c67c9163-d9a6-74c8-1d95-3a1909bdc061,DƯỠNG ẨM MẶT,,,,,,,,,,,,,,,,,,
38575,f11f8e97-aa4f-48f2-3cae-3a1909e04181,RỬA MẶT,,,,,,,,,,,,,,,,,,
40704,83f9c4b3-4f65-ad88-d360-3a0fe5d7a64a,UỐN VÁN,,,,,,,,,,,,,,,,,,
44850,f8da803a-fecf-3bb8-dddb-3a1d3b4c233e,ĐÔNG MÁU,,,,,,,,,,,,,,,,,,
45791,86281cf5-78b4-a70c-2b33-3a1909e184f9,TẮM GỘI,,,,,,,,,,,,,,,,,,
3692,0b019f22-ffe0-e4fc-f1cb-3a1909c581d2,HĂM - RÔM SẢY,,,,,,,,,,,,,,,,,,
1258,7b00bce1-78da-d125-065c-3a1909d06c62,KEM BÔI NÚM VÚ,,,,,,,,,,,,,,,,,,
12270,bd577672-d2a0-4762-bc2a-080678c3d26f,TRÀ VÀ BỘT PHA NƯỚC,,,,,,,,,,,,,,,,,,
11571,a717a565-963d-4256-93a3-8a2cd006d51c,HÀNG HÓA HÀNH CHÍNH,,,,,,,,,,,,,,,,,,
15572,e52fd26c-95a0-4a8a-be58-49d68ff01200,DẦU GỘI,,,,,,,,,,,,,,,,,,
27119,66d520c8-0233-4138-89e9-121b2a5b7f2e,DẠ DÀY VIÊN,,,,,,,,,,,,,,,,,,
4680,b2fde648-3738-4a77-97f8-a10756ec370d,PHỤ KHOA,,,,,,,,,,,,,,,,,,
2672,c444f3bc-c8fa-4493-b99e-cb481a536bd7,KẸO CỨNG,,,,,,,,,,,,,,,,,,
18748,0c4998dc-5fd4-40e3-bf14-41f9260735ee,QUINOLOL,,,,,,,,,,,,,,,,,,
18934,4b950f10-aa1b-484f-b859-72f7e835a37b,BỔ XƯƠNG,,,,,,,,,,,,,,,,,,
35605,86d1bbe2-e415-4da1-4927-3a1909b7f630,DẦU GỘI TRỊ GÀU,,,,,,,,,,,,,,,,,,
21377,e11f35ff-b985-a8ad-1d7d-3a1909da5b9e,MỤN,,,,,,,,,,,,,,,,,,
19277,2d302181-447c-4ad4-9d57-ba5aff4876b6,DỊ ỨNG NGỨA,,,,,,,,,,,,,,,,,,
38631,f11f8e97-aa4f-48f2-3cae-3a1909e04181,RỬA MẶT,,,,,,,,,,,,,,,,,,
40489,476d1108-20be-48d6-9165-ce04406ccfec,HUYẾT ÁP,,,,,,,,,,,,,,,,,,
4.32E+04,e9f33f28-0289-aafe-a841-3a1909bf7ee7,DƯỠNG ẨM TOÀN THÂN,,,,,,,,,,,,,,,,,,
34906,e9f33f28-0289-aafe-a841-3a1909bf7ee7,DƯỠNG ẨM TOÀN THÂN,,,,,,,,,,,,,,,,,,
44933,394804a6-d8db-4d46-8738-8565e287ff0d,Ký sinh trùng-Giun lươn,,,,,,,,,,,,,,,,,,
31361,e9f33f28-0289-aafe-a841-3a1909bf7ee7,DƯỠNG ẨM TOÀN THÂN,,,,,,,,,,,,,,,,,,
15395,e9f33f28-0289-aafe-a841-3a1909bf7ee7,DƯỠNG ẨM TOÀN THÂN,,,,,,,,,,,,,,,,,,
44926,6a6205bf-9e7d-487d-8fab-7d28c83bfe4c,Vi khuẩn,,,,,,,,,,,,,,,,,,
32268,87bf31ab-c600-43ce-8246-5ab74e792a4a,THẦN KINH NÃO,,,,,,,,,,,,,,,,,,
33500,f6d53df3-7f6b-4805-9945-db1e47e8f32a,TRĨ,,,,,,,,,,,,,,,,,,
14632,e11f35ff-b985-a8ad-1d7d-3a1909da5b9e,MỤN,,,,,,,,,,,,,,,,,,
13761,e11f35ff-b985-a8ad-1d7d-3a1909da5b9e,MỤN,,,,,,,,,,,,,,,,,,
12986,3dd79e4c-7343-4b4e-a5a3-192d91e0a0f5,LOÃNG XƯƠNG,,,,,,,,,,,,,,,,,,
11539,8d9d29bb-2107-48b8-8cf3-737412fc4987,HÀNH CHÍNH,,,,,,,,,,,,,,,,,,
12075,7206aadb-c2e9-481b-985f-821380b1ac16,MẸ VÀ BÉ,,,,,,,,,,,,,,,,,,
4413,36b946c5-eaf5-f7de-017d-3a1909dc1086,NGỪA LÃO HÓA,,,,,,,,,,,,,,,,,,
4327,f11f8e97-aa4f-48f2-3cae-3a1909e04181,RỬA MẶT,,,,,,,,,,,,,,,,,,
2673,2111a9c4-c14c-4936-a939-be6eb4aaf8db,KẸO CAO SU,,,,,,,,,,,,,,,,,,
109,c89527af-4fa4-4250-b4e9-5fdc823b0a26,KHÁC,,,,,,,,,,,,,,,,,,
23128,87bf31ab-c600-43ce-8246-5ab74e792a4a,THẦN KINH NÃO,,,,,,,,,,,,,,,,,,
17918,3dd79e4c-7343-4b4e-a5a3-192d91e0a0f5,LOÃNG XƯƠNG,,,,,,,,,,,,,,,,,,
17992,703c34c6-4fbe-45ea-982b-c0e4d194c9e7,BETA LACTAM,,,,,,,,,,,,,,,,,,
19874,66d520c8-0233-4138-89e9-121b2a5b7f2e,DẠ DÀY VIÊN,,,,,,,,,,,,,,,,,,
18423,66d520c8-0233-4138-89e9-121b2a5b7f2e,DẠ DÀY VIÊN,,,,,,,,,,,,,,,,,,
40680,371c386a-ce04-4e40-8a1b-a97bbba94f82,VIÊM GAN B,,,,,,,,,,,,,,,,,,
21649,1880311b-e95a-e98d-b715-3a190984508c,CHỐNG NẮNG TOÀN THÂN,,,,,,,,,,,,,,,,,,
45420,0da70954-8b27-4f17-b209-2c0edce6f092,GAN,,,,,,,,,,,,,,,,,,
45004,d37ed9de-98c2-98d3-5cf2-3a1d3b4aea7e,VI CHẤT,,,,,,,,,,,,,,,,,,
44002,e11f35ff-b985-a8ad-1d7d-3a1909da5b9e,MỤN,,,,,,,,,,,,,,,,,,
40214,1880311b-e95a-e98d-b715-3a190984508c,CHỐNG NẮNG TOÀN THÂN,,,,,,,,,,,,,,,,,,
13924,41fcef9e-7621-4b62-b522-a191db014b2c,VỆ SINH CÁ NHÂN,,,,,,,,,,,,,,,,,,
16428,66d520c8-0233-4138-89e9-121b2a5b7f2e,DẠ DÀY VIÊN,,,,,,,,,,,,,,,,,,
21753,c67c9163-d9a6-74c8-1d95-3a1909bdc061,DƯỠNG ẨM MẶT,,,,,,,,,,,,,,,,,,
14758,c444f3bc-c8fa-4493-b99e-cb481a536bd7,KẸO CỨNG,,,,,,,,,,,,,,,,,,
13023,703c34c6-4fbe-45ea-982b-c0e4d194c9e7,BETA LACTAM,,,,,,,,,,,,,,,,,,
4316,41fcef9e-7621-4b62-b522-a191db014b2c,VỆ SINH CÁ NHÂN,,,,,,,,,,,,,,,,,,
3104,2111a9c4-c14c-4936-a939-be6eb4aaf8db,KẸO CAO SU,,,,,,,,,,,,,,,,,,
4050,c89527af-4fa4-4250-b4e9-5fdc823b0a26,KHÁC,,,,,,,,,,,,,,,,,,
11749,c4ae904a-c1d4-e515-2620-3a1909ba43f4,DDVS PHỤ NỮ,,,,,,,,,,,,,,,,,,
18994,66d520c8-0233-4138-89e9-121b2a5b7f2e,DẠ DÀY VIÊN,,,,,,,,,,,,,,,,,,
41449,83f9c4b3-4f65-ad88-d360-3a0fe5d7a64a,UỐN VÁN,,,,,,,,,,,,,,,,,,
21419,c67c9163-d9a6-74c8-1d95-3a1909bdc061,DƯỠNG ẨM MẶT,,,,,,,,,,,,,,,,,,
40641,f27b72c5-9625-4a1a-bea0-5443e4de7f1b,CÚM,,,,,,,,,,,,,,,,,,
17559,e11f35ff-b985-a8ad-1d7d-3a1909da5b9e,MỤN,,,,,,,,,,,,,,,,,,
34907,e9f33f28-0289-aafe-a841-3a1909bf7ee7,DƯỠNG ẨM TOÀN THÂN,,,,,,,,,,,,,,,,,,
19198,703c34c6-4fbe-45ea-982b-c0e4d194c9e7,BETA LACTAM,,,,,,,,,,,,,,,,,,
27677,aa908a2b-3e5c-49c5-ab4c-ada735e2b835,VĂN PHÒNG PHẨM HO,,,,,,,,,,,,,,,,,,
28488,e2aec4df-eb41-4f5a-a7db-1d7f0fd81a90,Thuốc chống dị ứng,,,,,,,,,,,,,,,,,,
43491,c4ae904a-c1d4-e515-2620-3a1909ba43f4,DDVS PHỤ NỮ,,,,,,,,,,,,,,,,,,
43492,f11f8e97-aa4f-48f2-3cae-3a1909e04181,RỬA MẶT,,,,,,,,,,,,,,,,,,
16935,c4ae904a-c1d4-e515-2620-3a1909ba43f4,DDVS PHỤ NỮ,,,,,,,,,,,,,,,,,,
14655,63a71296-19c5-4ed5-8808-b5e4b00bf915,GLUCOCORTICOID,,,,,,,,,,,,,,,,,,
12543,0c4998dc-5fd4-40e3-bf14-41f9260735ee,QUINOLOL,,,,,,,,,,,,,,,,,,
15486,1880311b-e95a-e98d-b715-3a190984508c,CHỐNG NẮNG TOÀN THÂN,,,,,,,,,,,,,,,,,,
4004,05d905f9-1d3a-49ae-9bba-4067d03c719c,HO ĐÀM,,,,,,,,,,,,,,,,,,
3689,0c4998dc-5fd4-40e3-bf14-41f9260735ee,QUINOLOL,,,,,,,,,,,,,,,,,,
18381,703c34c6-4fbe-45ea-982b-c0e4d194c9e7,BETA LACTAM,,,,,,,,,,,,,,,,,,
20818,66d520c8-0233-4138-89e9-121b2a5b7f2e,DẠ DÀY VIÊN,,,,,,,,,,,,,,,,,,
34266,f27b72c5-9625-4a1a-bea0-5443e4de7f1b,CÚM,,,,,,,,,,,,,,,,,,
32829,c1927c5a-0479-4257-810c-adfd1677f8a1,ĐẸP DA,,,,,,,,,,,,,,,,,,
38483,596e7cc1-a80a-4961-b84c-c1d65dc554e3,"VIÊM MÀNG NÃO DO MÔ CẦU A, C, Y, W135",,,,,,,,,,,,,,,,,,
45035,52d06fc5-3c2d-486b-b0cc-0e6fb4323370,Gen,,,,,,,,,,,,,,,,,,
44968,f8da803a-fecf-3bb8-dddb-3a1d3b4c233e,ĐÔNG MÁU,,,,,,,,,,,,,,,,,,
45627,86281cf5-78b4-a70c-2b33-3a1909e184f9,TẮM GỘI,,,,,,,,,,,,,,,,,,
33875,e2adf96c-66de-e334-5216-3a1909e1cb82,THÂM NÁM,,,,,,,,,,,,,,,,,,
44537,b7484062-883f-b801-7d88-3a1909df6292,PHỤC HỒI DA,,,,,,,,,,,,,,,,,,
41392,b13aed36-fcf5-127c-ded5-3a1909b94403,DDVS CHO BÉ,,,,,,,,,,,,,,,,,,
19020,2d302181-447c-4ad4-9d57-ba5aff4876b6,DỊ ỨNG NGỨA,,,,,,,,,,,,,,,,,,
19008,703c34c6-4fbe-45ea-982b-c0e4d194c9e7,BETA LACTAM,,,,,,,,,,,,,,,,,,
17134,e2adf96c-66de-e334-5216-3a1909e1cb82,THÂM NÁM,,,,,,,,,,,,,,,,,,
15611,bd577672-d2a0-4762-bc2a-080678c3d26f,TRÀ VÀ BỘT PHA NƯỚC,,,,,,,,,,,,,,,,,,
4123,41fcef9e-7621-4b62-b522-a191db014b2c,VỆ SINH CÁ NHÂN,,,,,,,,,,,,,,,,,,
17907,66d520c8-0233-4138-89e9-121b2a5b7f2e,DẠ DÀY VIÊN,,,,,,,,,,,,,,,,,,
20229,0c4998dc-5fd4-40e3-bf14-41f9260735ee,QUINOLOL,,,,,,,,,,,,,,,,,,
40984,7121f292-e603-46f3-99a5-4761bde3080f,MARKETING,,,,,,,,,,,,,,,,,,
40993,7121f292-e603-46f3-99a5-4761bde3080f,MARKETING,,,,,,,,,,,,,,,,,,
17006,0c4998dc-5fd4-40e3-bf14-41f9260735ee,QUINOLOL,,,,,,,,,,,,,,,,,,
35643,9766ac54-bef0-ecb6-1b28-3a1909be584c,DƯỠNG ẨM MÔI,,,,,,,,,,,,,,,,,,
29454,2138c922-3cb2-47e7-a2e1-7f881f3dad71,UNG THƯ VÚ,,,,,,,,,,,,,,,,,,
36956,1e70d6a5-9b9b-0ae8-9ad9-3a190a1e1e62,DẦU GỘI NHUỘM,,,,,,,,,,,,,,,,,,
31714,e9f33f28-0289-aafe-a841-3a1909bf7ee7,DƯỠNG ẨM TOÀN THÂN,,,,,,,,,,,,,,,,,,
36249,ec636c0f-78ea-db9e-afc7-3a1909db1799,NẤM,,,,,,,,,,,,,,,,,,
42136,1880311b-e95a-e98d-b715-3a190984508c,CHỐNG NẮNG TOÀN THÂN,,,,,,,,,,,,,,,,,,
17851,d768d771-611f-4a39-950e-f894f689fc22,Thuốc giảm đau hạ sốt,,,,,,,,,,,,,,,,,,
21740,1880311b-e95a-e98d-b715-3a190984508c,CHỐNG NẮNG TOÀN THÂN,,,,,,,,,,,,,,,,,,
37945,86d1bbe2-e415-4da1-4927-3a1909b7f630,DẦU GỘI TRỊ GÀU,,,,,,,,,,,,,,,,,,
16552,66d520c8-0233-4138-89e9-121b2a5b7f2e,DẠ DÀY VIÊN,,,,,,,,,,,,,,,,,,
21271,66d520c8-0233-4138-89e9-121b2a5b7f2e,DẠ DÀY VIÊN,,,,,,,,,,,,,,,,,,
10603,e9f33f28-0289-aafe-a841-3a1909bf7ee7,DƯỠNG ẨM TOÀN THÂN,,,,,,,,,,,,,,,,,,
17218,f3046ce3-9e1d-4067-aada-5971b920b324,CẢM- SỐT- SỔ MŨI- HO KHÔNG ĐÀM XANH,,,,,,,,,,,,,,,,,,
11249,747afa89-dd09-4a91-b247-c2b8364ebd7d,RĂNG MIỆNG,,,,,,,,,,,,,,,,,,
3641,747afa89-dd09-4a91-b247-c2b8364ebd7d,RĂNG MIỆNG,,,,,,,,,,,,,,,,,,
19525,66d520c8-0233-4138-89e9-121b2a5b7f2e,DẠ DÀY VIÊN,,,,,,,,,,,,,,,,,,
19501,703c34c6-4fbe-45ea-982b-c0e4d194c9e7,BETA LACTAM,,,,,,,,,,,,,,,,,,
21568,e52fd26c-95a0-4a8a-be58-49d68ff01200,DẦU GỘI,,,,,,,,,,,,,,,,,,
32480,4e8b5101-a92e-9da7-1e7b-3a190983a655,CHỐNG NẮNG CHO BÉ,,,,,,,,,,,,,,,,,,
32962,e11f35ff-b985-a8ad-1d7d-3a1909da5b9e,MỤN,,,,,,,,,,,,,,,,,,
30032,c67c9163-d9a6-74c8-1d95-3a1909bdc061,DƯỠNG ẨM MẶT,,,,,,,,,,,,,,,,,,
32805,bcc3c59f-6659-4604-a4bc-95a40587fda6,Thuốc bổ,,,,,,,,,,,,,,,,,,
32681,9fde8af9-8109-412b-808f-1a73c8fead23,CHĂM SÓC DA,,,,,,,,,,,,,,,,,,
40779,45818a62-fed2-413d-8f1a-4ccff8c49ba7,"Thuốc trị trĩ, suy giãn tĩnh mạch",,,,,,,,,,,,,,,,,,
41571,f11f8e97-aa4f-48f2-3cae-3a1909e04181,RỬA MẶT,,,,,,,,,,,,,,,,,,
37859,86281cf5-78b4-a70c-2b33-3a1909e184f9,TẮM GỘI,,,,,,,,,,,,,,,,,,
15119,05d905f9-1d3a-49ae-9bba-4067d03c719c,HO ĐÀM,,,,,,,,,,,,,,,,,,
12972,5f2ed6cf-4002-bc65-0801-3a1909bb4fe2,DƯỠNG ẨM CHÂN,,,,,,,,,,,,,,,,,,
10461,851f27a8-83e2-475c-a0f7-c7393295e6dc,MULTIVITAMIN,,,,,,,,,,,,,,,,,,
17417,033f2726-edd5-41ec-ab19-428e75f19f50,SIRO BỔ,,,,,,,,,,,,,,,,,,
15206,4b950f10-aa1b-484f-b859-72f7e835a37b,BỔ XƯƠNG,,,,,,,,,,,,,,,,,,
9942,7206aadb-c2e9-481b-985f-821380b1ac16,MẸ VÀ BÉ,,,,,,,,,,,,,,,,,,
2674,c444f3bc-c8fa-4493-b99e-cb481a536bd7,KẸO CỨNG,,,,,,,,,,,,,,,,,,
3102,c444f3bc-c8fa-4493-b99e-cb481a536bd7,KẸO CỨNG,,,,,,,,,,,,,,,,,,
21192,66d520c8-0233-4138-89e9-121b2a5b7f2e,DẠ DÀY VIÊN,,,,,,,,,,,,,,,,,,
32615,c444f3bc-c8fa-4493-b99e-cb481a536bd7,KẸO CỨNG,,,,,,,,,,,,,,,,,,
32684,81f119af-f439-4f6e-a061-b59e50044e57,XƯƠNG KHỚP,,,,,,,,,,,,,,,,,,
34228,f27b72c5-9625-4a1a-bea0-5443e4de7f1b,CÚM,,,,,,,,,,,,,,,,,,
38025,ed817946-cf93-43b6-b617-1e18545ba4e7,Thuốc tăng cường tuần hoàn não,,,,,,,,,,,,,,,,,,
45077,f8da803a-fecf-3bb8-dddb-3a1d3b4c233e,ĐÔNG MÁU,,,,,,,,,,,,,,,,,,
44845,582dee34-a2df-4413-be55-6942c1c650ce,Ký Sinh Trùng-Mèo,,,,,,,,,,,,,,,,,,
45023,468eb04d-7fd8-4287-90e0-a741398ab37c,Virus,,,,,,,,,,,,,,,,,,
36617,e9f33f28-0289-aafe-a841-3a1909bf7ee7,DƯỠNG ẨM TOÀN THÂN,,,,,,,,,,,,,,,,,,
2105,851f27a8-83e2-475c-a0f7-c7393295e6dc,MULTIVITAMIN,,,,,,,,,,,,,,,,,,
42641,c4ae904a-c1d4-e515-2620-3a1909ba43f4,DDVS PHỤ NỮ,,,,,,,,,,,,,,,,,,
45406,df3567fa-c5a0-434e-9f9d-e96131f13ae5,UNG THƯ,,,,,,,,,,,,,,,,,,
34949,f11f8e97-aa4f-48f2-3cae-3a1909e04181,RỬA MẶT,,,,,,,,,,,,,,,,,,
32220,e2adf96c-66de-e334-5216-3a1909e1cb82,THÂM NÁM,,,,,,,,,,,,,,,,,,
44544,f11f8e97-aa4f-48f2-3cae-3a1909e04181,RỬA MẶT,,,,,,,,,,,,,,,,,,
34420,86281cf5-78b4-a70c-2b33-3a1909e184f9,TẮM GỘI,,,,,,,,,,,,,,,,,,
32638,1880311b-e95a-e98d-b715-3a190984508c,CHỐNG NẮNG TOÀN THÂN,,,,,,,,,,,,,,,,,,
3573,492f9aaf-2846-410d-a17a-961108a80281,Thuốc trị bệnh gan,,,,,,,,,,,,,,,,,,
4433,cc2a83f8-3083-3fd7-6b56-3a190a19afc8,KHỬ MÙI CƠ THỂ,,,,,,,,,,,,,,,,,,
2675,2111a9c4-c14c-4936-a939-be6eb4aaf8db,KẸO CAO SU,,,,,,,,,,,,,,,,,,
4887,747afa89-dd09-4a91-b247-c2b8364ebd7d,RĂNG MIỆNG,,,,,,,,,,,,,,,,,,
875,747afa89-dd09-4a91-b247-c2b8364ebd7d,RĂNG MIỆNG,,,,,,,,,,,,,,,,,,
3639,747afa89-dd09-4a91-b247-c2b8364ebd7d,RĂNG MIỆNG,,,,,,,,,,,,,,,,,,
18525,703c34c6-4fbe-45ea-982b-c0e4d194c9e7,BETA LACTAM,,,,,,,,,,,,,,,,,,
18128,703c34c6-4fbe-45ea-982b-c0e4d194c9e7,BETA LACTAM,,,,,,,,,,,,,,,,,,
21393,1880311b-e95a-e98d-b715-3a190984508c,CHỐNG NẮNG TOÀN THÂN,,,,,,,,,,,,,,,,,,
29931,e52fd26c-95a0-4a8a-be58-49d68ff01200,DẦU GỘI,,,,,,,,,,,,,,,,,,
32686,85ef207a-ba3a-4d93-b3b7-eea5c395b822,HỖ TRỢ KHÔ MẮT,,,,,,,,,,,,,,,,,,
44947,3896b5fc-9a55-4f62-a079-6873072a3255,Viêm gan E,,,,,,,,,,,,,,,,,,
42516,0579cca9-884d-65ae-5197-3a1909c1df32,DƯỠNG TRẮNG DA,,,,,,,,,,,,,,,,,,
44960,d6f5b1f4-e308-4bfa-82d0-b09d4377a4e7,Kim loại nặng,,,,,,,,,,,,,,,,,,
29987,e52fd26c-95a0-4a8a-be58-49d68ff01200,DẦU GỘI,,,,,,,,,,,,,,,,,,
32802,c1927c5a-0479-4257-810c-adfd1677f8a1,ĐẸP DA,,,,,,,,,,,,,,,,,,
28489,4e8b5101-a92e-9da7-1e7b-3a190983a655,CHỐNG NẮNG CHO BÉ,,,,,,,,,,,,,,,,,,
33197,a1ae934d-851a-4394-8391-2c7ed7e04711,VIÊM GAN A,,,,,,,,,,,,,,,,,,
14808,e52fd26c-95a0-4a8a-be58-49d68ff01200,DẦU GỘI,,,,,,,,,,,,,,,,,,
10498,e9f33f28-0289-aafe-a841-3a1909bf7ee7,DƯỠNG ẨM TOÀN THÂN,,,,,,,,,,,,,,,,,,
16276,e52fd26c-95a0-4a8a-be58-49d68ff01200,DẦU GỘI,,,,,,,,,,,,,,,,,,
5068,7206aadb-c2e9-481b-985f-821380b1ac16,MẸ VÀ BÉ,,,,,,,,,,,,,,,,,,
4987,66d520c8-0233-4138-89e9-121b2a5b7f2e,DẠ DÀY VIÊN,,,,,,,,,,,,,,,,,,
40668,83f9c4b3-4f65-ad88-d360-3a0fe5d7a64a,UỐN VÁN,,,,,,,,,,,,,,,,,,
31222,e11f35ff-b985-a8ad-1d7d-3a1909da5b9e,MỤN,,,,,,,,,,,,,,,,,,
32999,0579cca9-884d-65ae-5197-3a1909c1df32,DƯỠNG TRẮNG DA,,,,,,,,,,,,,,,,,,
34267,f27b72c5-9625-4a1a-bea0-5443e4de7f1b,CÚM,,,,,,,,,,,,,,,,,,
29489,bdc2098c-c61b-4af9-ae94-a9bf6b440583,UNG THƯ KHÁC,,,,,,,,,,,,,,,,,,
27673,aa908a2b-3e5c-49c5-ab4c-ada735e2b835,VĂN PHÒNG PHẨM HO,,,,,,,,,,,,,,,,,,
40746,7121f292-e603-46f3-99a5-4761bde3080f,MARKETING,,,,,,,,,,,,,,,,,,
44888,d1b985e8-0491-4bb2-907a-4de849844a33,Nội tiết xương,,,,,,,,,,,,,,,,,,
44991,f321dfb6-3265-41a4-baca-cecb743010d9,Phổi,,,,,,,,,,,,,,,,,,
33196,cba2c33c-bdd8-0e57-2252-3a114cf546bd,"BẠCH HẦU, HO GÀ, UỐN VÁN",,,,,,,,,,,,,,,,,,
28983,c4ae904a-c1d4-e515-2620-3a1909ba43f4,DDVS PHỤ NỮ,,,,,,,,,,,,,,,,,,
33180,75489c8d-f96e-a992-0874-3a0fe5eb8854,QUAI BỊ,,,,,,,,,,,,,,,,,,
40212,c59032eb-109f-4878-8c0d-62f562d43685,DƯỠNG TÓC,,,,,,,,,,,,,,,,,,
15018,747afa89-dd09-4a91-b247-c2b8364ebd7d,RĂNG MIỆNG,,,,,,,,,,,,,,,,,,
12151,0579cca9-884d-65ae-5197-3a1909c1df32,DƯỠNG TRẮNG DA,,,,,,,,,,,,,,,,,,
19793,3dd79e4c-7343-4b4e-a5a3-192d91e0a0f5,LOÃNG XƯƠNG,,,,,,,,,,,,,,,,,,
13824,8ff34af3-9668-478a-b812-91c98e46e354,MẶT NẠ,,,,,,,,,,,,,,,,,,
14606,bd577672-d2a0-4762-bc2a-080678c3d26f,TRÀ VÀ BỘT PHA NƯỚC,,,,,,,,,,,,,,,,,,
20132,3dd79e4c-7343-4b4e-a5a3-192d91e0a0f5,LOÃNG XƯƠNG,,,,,,,,,,,,,,,,,,
19110,66d520c8-0233-4138-89e9-121b2a5b7f2e,DẠ DÀY VIÊN,,,,,,,,,,,,,,,,,,
34950,45818a62-fed2-413d-8f1a-4ccff8c49ba7,"Thuốc trị trĩ, suy giãn tĩnh mạch",,,,,,,,,,,,,,,,,,
32656,c89527af-4fa4-4250-b4e9-5fdc823b0a26,KHÁC,,,,,,,,,,,,,,,,,,
32653,e52fd26c-95a0-4a8a-be58-49d68ff01200,DẦU GỘI,,,,,,,,,,,,,,,,,,
29502,b40bf599-0b7e-4f2c-b0f4-3935bbdc53db,UNG THƯ MÁU,,,,,,,,,,,,,,,,,,
45422,0da70954-8b27-4f17-b209-2c0edce6f092,GAN,,,,,,,,,,,,,,,,,,
39746,1880311b-e95a-e98d-b715-3a190984508c,CHỐNG NẮNG TOÀN THÂN,,,,,,,,,,,,,,,,,,
17808,c444f3bc-c8fa-4493-b99e-cb481a536bd7,KẸO CỨNG,,,,,,,,,,,,,,,,,,
21203,3dd79e4c-7343-4b4e-a5a3-192d91e0a0f5,LOÃNG XƯƠNG,,,,,,,,,,,,,,,,,,
21669,e11f35ff-b985-a8ad-1d7d-3a1909da5b9e,MỤN,,,,,,,,,,,,,,,,,,
19765,4b950f10-aa1b-484f-b859-72f7e835a37b,BỔ XƯƠNG,,,,,,,,,,,,,,,,,,
11654,703c34c6-4fbe-45ea-982b-c0e4d194c9e7,BETA LACTAM,,,,,,,,,,,,,,,,,,
27122,4b950f10-aa1b-484f-b859-72f7e835a37b,BỔ XƯƠNG,,,,,,,,,,,,,,,,,,
26025,e52fd26c-95a0-4a8a-be58-49d68ff01200,DẦU GỘI,,,,,,,,,,,,,,,,,,
38646,6c089394-9b6f-e16e-acff-3a10dbd9af76,THỦY ĐẬU,,,,,,,,,,,,,,,,,,
2665,c92c6287-e2cd-4a58-a6c9-9a572bd74a8c,BÁNH - SNACK,,,,,,,,,,,,,,,,,,
31986,c4ae904a-c1d4-e515-2620-3a1909ba43f4,DDVS PHỤ NỮ,,,,,,,,,,,,,,,,,,
20337,66d520c8-0233-4138-89e9-121b2a5b7f2e,DẠ DÀY VIÊN,,,,,,,,,,,,,,,,,,
40983,7121f292-e603-46f3-99a5-4761bde3080f,MARKETING,,,,,,,,,,,,,,,,,,
34724,e9f33f28-0289-aafe-a841-3a1909bf7ee7,DƯỠNG ẨM TOÀN THÂN,,,,,,,,,,,,,,,,,,
1.69E+04,c444f3bc-c8fa-4493-b99e-cb481a536bd7,KẸO CỨNG,,,,,,,,,,,,,,,,,,
28822,e4c6e363-4147-6404-d098-3a1909e11e58,SẸO,,,,,,,,,,,,,,,,,,
23981,c89527af-4fa4-4250-b4e9-5fdc823b0a26,KHÁC,,,,,,,,,,,,,,,,,,
12754,86d1bbe2-e415-4da1-4927-3a1909b7f630,DẦU GỘI TRỊ GÀU,,,,,,,,,,,,,,,,,,
21378,f11f8e97-aa4f-48f2-3cae-3a1909e04181,RỬA MẶT,,,,,,,,,,,,,,,,,,
4163,d78ffe24-9084-4d7b-bc18-cd646dd86e3a,TIM MẠCH,,,,,,,,,,,,,,,,,,
21405,c67c9163-d9a6-74c8-1d95-3a1909bdc061,DƯỠNG ẨM MẶT,,,,,,,,,,,,,,,,,,
44863,73088404-6014-492c-82a8-817f69f592b4,Tuyến yên,,,,,,,,,,,,,,,,,,
45031,468eb04d-7fd8-4287-90e0-a741398ab37c,Virus,,,,,,,,,,,,,,,,,,
15020,0b019f22-ffe0-e4fc-f1cb-3a1909c581d2,HĂM - RÔM SẢY,,,,,,,,,,,,,,,,,,
31518,1880311b-e95a-e98d-b715-3a190984508c,CHỐNG NẮNG TOÀN THÂN,,,,,,,,,,,,,,,,,,
21290,63a71296-19c5-4ed5-8808-b5e4b00bf915,GLUCOCORTICOID,,,,,,,,,,,,,,,,,,
13386,8b074baf-9248-4e70-78dd-3a10e2056fbe,QUE,,,,,,,,,,,,,,,,,,
12130,b2fde648-3738-4a77-97f8-a10756ec370d,PHỤ KHOA,,,,,,,,,,,,,,,,,,
18830,033f2726-edd5-41ec-ab19-428e75f19f50,SIRO BỔ,,,,,,,,,,,,,,,,,,
2661,0579cca9-884d-65ae-5197-3a1909c1df32,DƯỠNG TRẮNG DA,,,,,,,,,,,,,,,,,,
4030,18e207e6-62a7-4adc-b659-d20bd8071e9b,DẠ DÀY GÓI,,,,,,,,,,,,,,,,,,
19855,66d520c8-0233-4138-89e9-121b2a5b7f2e,DẠ DÀY VIÊN,,,,,,,,,,,,,,,,,,
20227,66d520c8-0233-4138-89e9-121b2a5b7f2e,DẠ DÀY VIÊN,,,,,,,,,,,,,,,,,,
28658,ed817946-cf93-43b6-b617-1e18545ba4e7,Thuốc tăng cường tuần hoàn não,,,,,,,,,,,,,,,,,,
24891,66d520c8-0233-4138-89e9-121b2a5b7f2e,DẠ DÀY VIÊN,,,,,,,,,,,,,,,,,,
42847,b7484062-883f-b801-7d88-3a1909df6292,PHỤC HỒI DA,,,,,,,,,,,,,,,,,,
44925,468eb04d-7fd8-4287-90e0-a741398ab37c,Virus,,,,,,,,,,,,,,,,,,
32820,e11f35ff-b985-a8ad-1d7d-3a1909da5b9e,MỤN,,,,,,,,,,,,,,,,,,
1761,4e0ceff9-077d-6796-20fd-3a19097ef4cb,CHẤY RẬN,,,,,,,,,,,,,,,,,,
38784,1e70d6a5-9b9b-0ae8-9ad9-3a190a1e1e62,DẦU GỘI NHUỘM,,,,,,,,,,,,,,,,,,
31923,0b019f22-ffe0-e4fc-f1cb-3a1909c581d2,HĂM - RÔM SẢY,,,,,,,,,,,,,,,,,,
16504,703c34c6-4fbe-45ea-982b-c0e4d194c9e7,BETA LACTAM,,,,,,,,,,,,,,,,,,
18269,4b950f10-aa1b-484f-b859-72f7e835a37b,BỔ XƯƠNG,,,,,,,,,,,,,,,,,,
11698,c4ae904a-c1d4-e515-2620-3a1909ba43f4,DDVS PHỤ NỮ,,,,,,,,,,,,,,,,,,
16277,c59032eb-109f-4878-8c0d-62f562d43685,DƯỠNG TÓC,,,,,,,,,,,,,,,,,,
15614,bd577672-d2a0-4762-bc2a-080678c3d26f,TRÀ VÀ BỘT PHA NƯỚC,,,,,,,,,,,,,,,,,,
3629,c2e388a1-3293-407e-9467-3cca4a236234,NƯỚC UỐNG KHÔNG GAS,,,,,,,,,,,,,,,,,,
19511,63a71296-19c5-4ed5-8808-b5e4b00bf915,GLUCOCORTICOID,,,,,,,,,,,,,,,,,,
42361,4c6cd366-47f0-02fd-ca2a-3a1909dfa785,RẠN DA,,,,,,,,,,,,,,,,,,
22689,c89527af-4fa4-4250-b4e9-5fdc823b0a26,KHÁC,,,,,,,,,,,,,,,,,,
3.27E+04,81f119af-f439-4f6e-a061-b59e50044e57,XƯƠNG KHỚP,,,,,,,,,,,,,,,,,,
33844,000b52cd-937d-d2c3-6ced-3a118c5b82c5,DINH DƯỠNG THỂ THAO,,,,,,,,,,,,,,,,,,
24689,66d520c8-0233-4138-89e9-121b2a5b7f2e,DẠ DÀY VIÊN,,,,,,,,,,,,,,,,,,
44884,329a6f6d-2213-45ec-9f4a-d1586c6ad20b,THẬN,,,,,,,,,,,,,,,,,,
29655,c4ae904a-c1d4-e515-2620-3a1909ba43f4,DDVS PHỤ NỮ,,,,,,,,,,,,,,,,,,
12543,703c34c6-4fbe-45ea-982b-c0e4d194c9e7,BETA LACTAM,,,,,,,,,,,,,,,,,,
12564,747afa89-dd09-4a91-b247-c2b8364ebd7d,RĂNG MIỆNG,,,,,,,,,,,,,,,,,,
17418,bd577672-d2a0-4762-bc2a-080678c3d26f,TRÀ VÀ BỘT PHA NƯỚC,,,,,,,,,,,,,,,,,,
14685,7206aadb-c2e9-481b-985f-821380b1ac16,MẸ VÀ BÉ,,,,,,,,,,,,,,,,,,
2667,2111a9c4-c14c-4936-a939-be6eb4aaf8db,KẸO CAO SU,,,,,,,,,,,,,,,,,,
3101,2111a9c4-c14c-4936-a939-be6eb4aaf8db,KẸO CAO SU,,,,,,,,,,,,,,,,,,
5148,c8a5acbf-2dfd-4bae-8180-5c3465b1a956,BÔI NGOÀI DA,,,,,,,,,,,,,,,,,,
20068,66d520c8-0233-4138-89e9-121b2a5b7f2e,DẠ DÀY VIÊN,,,,,,,,,,,,,,,,,,
17505,703c34c6-4fbe-45ea-982b-c0e4d194c9e7,BETA LACTAM,,,,,,,,,,,,,,,,,,
32497,000b52cd-937d-d2c3-6ced-3a118c5b82c5,DINH DƯỠNG THỂ THAO,,,,,,,,,,,,,,,,,,
18794,66d520c8-0233-4138-89e9-121b2a5b7f2e,DẠ DÀY VIÊN,,,,,,,,,,,,,,,,,,
28134,502d459c-bce9-0f3f-f74a-3a190983e97c,CHỐNG NẮNG MẶT,,,,,,,,,,,,,,,,,,
33179,83f9c4b3-4f65-ad88-d360-3a0fe5d7a64a,UỐN VÁN,,,,,,,,,,,,,,,,,,
32815,c4ae904a-c1d4-e515-2620-3a1909ba43f4,DDVS PHỤ NỮ,,,,,,,,,,,,,,,,,,
29447,bdc2098c-c61b-4af9-ae94-a9bf6b440583,UNG THƯ KHÁC,,,,,,,,,,,,,,,,,,
3.16E+04,f6a3c8cf-551a-43e4-ba59-be433dba4849,Thuốc trị ho cảm,,,,,,,,,,,,,,,,,,
43485,e9f33f28-0289-aafe-a841-3a1909bf7ee7,DƯỠNG ẨM TOÀN THÂN,,,,,,,,,,,,,,,,,,
4423,c444f3bc-c8fa-4493-b99e-cb481a536bd7,KẸO CỨNG,,,,,,,,,,,,,,,,,,
44990,20572621-7106-476a-aa9d-1151e14247ed,Dạ dày,,,,,,,,,,,,,,,,,,
15074,66d520c8-0233-4138-89e9-121b2a5b7f2e,DẠ DÀY VIÊN,,,,,,,,,,,,,,,,,,
17849,89fcad7e-29e5-4fa1-b93d-41265df53361,Thuốc hệ hô hấp,,,,,,,,,,,,,,,,,,
12374,c4ae904a-c1d4-e515-2620-3a1909ba43f4,DDVS PHỤ NỮ,,,,,,,,,,,,,,,,,,
12334,7206aadb-c2e9-481b-985f-821380b1ac16,MẸ VÀ BÉ,,,,,,,,,,,,,,,,,,
21383,1880311b-e95a-e98d-b715-3a190984508c,CHỐNG NẮNG TOÀN THÂN,,,,,,,,,,,,,,,,,,
16755,2d302181-447c-4ad4-9d57-ba5aff4876b6,DỊ ỨNG NGỨA,,,,,,,,,,,,,,,,,,
31667,276c9163-1bc0-4cc8-98be-85867d07fed9,Thuốc tiêu hóa,,,,,,,,,,,,,,,,,,
43557,e52fd26c-95a0-4a8a-be58-49d68ff01200,DẦU GỘI,,,,,,,,,,,,,,,,,,
44814,288106ec-f334-4858-8869-4bea3824f6d1,Nồng độ thuốc,,,,,,,,,,,,,,,,,,
44902,d78ffe24-9084-4d7b-bc18-cd646dd86e3a,TIM MẠCH,,,,,,,,,,,,,,,,,,
4024,e90259dc-fd0c-4639-a361-2fcb24342ae2,ĐẦY HƠI,,,,,,,,,,,,,,,,,,
28941,f11f8e97-aa4f-48f2-3cae-3a1909e04181,RỬA MẶT,,,,,,,,,,,,,,,,,,
28580,e9f33f28-0289-aafe-a841-3a1909bf7ee7,DƯỠNG ẨM TOÀN THÂN,,,,,,,,,,,,,,,,,,
42750,7121f292-e603-46f3-99a5-4761bde3080f,MARKETING,,,,,,,,,,,,,,,,,,
44546,36b946c5-eaf5-f7de-017d-3a1909dc1086,NGỪA LÃO HÓA,,,,,,,,,,,,,,,,,,
41956,e9f33f28-0289-aafe-a841-3a1909bf7ee7,DƯỠNG ẨM TOÀN THÂN,,,,,,,,,,,,,,,,,,
33178,83f9c4b3-4f65-ad88-d360-3a0fe5d7a64a,UỐN VÁN,,,,,,,,,,,,,,,,,,
33094,e52fd26c-95a0-4a8a-be58-49d68ff01200,DẦU GỘI,,,,,,,,,,,,,,,,,,
14540,c67c9163-d9a6-74c8-1d95-3a1909bdc061,DƯỠNG ẨM MẶT,,,,,,,,,,,,,,,,,,
16604,747afa89-dd09-4a91-b247-c2b8364ebd7d,RĂNG MIỆNG,,,,,,,,,,,,,,,,,,
14183,bd577672-d2a0-4762-bc2a-080678c3d26f,TRÀ VÀ BỘT PHA NƯỚC,,,,,,,,,,,,,,,,,,
19799,703c34c6-4fbe-45ea-982b-c0e4d194c9e7,BETA LACTAM,,,,,,,,,,,,,,,,,,
17279,63a71296-19c5-4ed5-8808-b5e4b00bf915,GLUCOCORTICOID,,,,,,,,,,,,,,,,,,
21085,703c34c6-4fbe-45ea-982b-c0e4d194c9e7,BETA LACTAM,,,,,,,,,,,,,,,,,,
21392,5f2ed6cf-4002-bc65-0801-3a1909bb4fe2,DƯỠNG ẨM CHÂN,,,,,,,,,,,,,,,,,,
18359,703c34c6-4fbe-45ea-982b-c0e4d194c9e7,BETA LACTAM,,,,,,,,,,,,,,,,,,
39378,ec636c0f-78ea-db9e-afc7-3a1909db1799,NẤM,,,,,,,,,,,,,,,,,,
42615,e9f33f28-0289-aafe-a841-3a1909bf7ee7,DƯỠNG ẨM TOÀN THÂN,,,,,,,,,,,,,,,,,,
32625,fc28ebda-db20-48a6-9553-c371623ebf41,HÔ HẤP XOANG CẢM CÚM,,,,,,,,,,,,,,,,,,
32676,c89527af-4fa4-4250-b4e9-5fdc823b0a26,KHÁC,,,,,,,,,,,,,,,,,,
28710,cb509d32-03c9-4a23-9dcb-f10aff5ec6ef,TĂNG SỨC ĐỀ KHÁNG,,,,,,,,,,,,,,,,,,
26960,c89527af-4fa4-4250-b4e9-5fdc823b0a26,KHÁC,,,,,,,,,,,,,,,,,,
31860,000b52cd-937d-d2c3-6ced-3a118c5b82c5,DINH DƯỠNG THỂ THAO,,,,,,,,,,,,,,,,,,
27799,66d520c8-0233-4138-89e9-121b2a5b7f2e,DẠ DÀY VIÊN,,,,,,,,,,,,,,,,,,
41006,7121f292-e603-46f3-99a5-4761bde3080f,MARKETING,,,,,,,,,,,,,,,,,,
44552,7121f292-e603-46f3-99a5-4761bde3080f,MARKETING,,,,,,,,,,,,,,,,,,
37855,c89527af-4fa4-4250-b4e9-5fdc823b0a26,KHÁC,,,,,,,,,,,,,,,,,,
45584,f11f8e97-aa4f-48f2-3cae-3a1909e04181,RỬA MẶT,,,,,,,,,,,,,,,,,,
39064,c4ae904a-c1d4-e515-2620-3a1909ba43f4,DDVS PHỤ NỮ,,,,,,,,,,,,,,,,,,
16504,0c4998dc-5fd4-40e3-bf14-41f9260735ee,QUINOLOL,,,,,,,,,,,,,,,,,,
12971,e11f35ff-b985-a8ad-1d7d-3a1909da5b9e,MỤN,,,,,,,,,,,,,,,,,,
11563,a717a565-963d-4256-93a3-8a2cd006d51c,HÀNG HÓA HÀNH CHÍNH,,,,,,,,,,,,,,,,,,
18233,2d302181-447c-4ad4-9d57-ba5aff4876b6,DỊ ỨNG NGỨA,,,,,,,,,,,,,,,,,,
15774,7206aadb-c2e9-481b-985f-821380b1ac16,MẸ VÀ BÉ,,,,,,,,,,,,,,,,,,
27197,3a8cb1ef-8c69-40e8-8e9e-0207ffa845cc,VĂN PHÒNG PHẨM SHOP,,,,,,,,,,,,,,,,,,
16034,5fec24a2-0a24-059b-1cae-3a19097cc901,CHÀM - VẢY NẾN - VIÊM DA CƠ ĐỊA,,,,,,,,,,,,,,,,,,
19865,66d520c8-0233-4138-89e9-121b2a5b7f2e,DẠ DÀY VIÊN,,,,,,,,,,,,,,,,,,
19666,6685050f-f128-43c3-82dc-9f9a3de39371,Thuốc nhỏ mắt,,,,,,,,,,,,,,,,,,
18713,3b06b341-0972-42cf-9237-80d6025e69ac,TETRACYCLIN,,,,,,,,,,,,,,,,,,
32641,2d462136-5d90-495e-9501-562a1450521f,Thuốc giãn cơ,,,,,,,,,,,,,,,,,,
32654,693fc44c-9c0c-4a2c-af48-ead5ddd8d7ab,VIÊM MŨI DỊ ỨNG,,,,,,,,,,,,,,,,,,
29161,8fd2afa1-2e53-4fa7-4f0f-3a1909bc6b96,DƯỠNG ẨM CHO BÉ,,,,,,,,,,,,,,,,,,
31558,86c801a1-c1ad-4058-b0cd-880717aca3cc,Thuốc đặt âm đạo,,,,,,,,,,,,,,,,,,
42676,e11f35ff-b985-a8ad-1d7d-3a1909da5b9e,MỤN,,,,,,,,,,,,,,,,,,
43269,e2aec4df-eb41-4f5a-a7db-1d7f0fd81a90,Thuốc chống dị ứng,,,,,,,,,,,,,,,,,,
21642,f11f8e97-aa4f-48f2-3cae-3a1909e04181,RỬA MẶT,,,,,,,,,,,,,,,,,,
32483,502d459c-bce9-0f3f-f74a-3a190983e97c,CHỐNG NẮNG MẶT,,,,,,,,,,,,,,,,,,
17773,4e91fa6d-563c-4a84-ba97-8e27d0f55634,TẨY TRANG,,,,,,,,,,,,,,,,,,
31949,1880311b-e95a-e98d-b715-3a190984508c,CHỐNG NẮNG TOÀN THÂN,,,,,,,,,,,,,,,,,,
15575,e11f35ff-b985-a8ad-1d7d-3a1909da5b9e,MỤN,,,,,,,,,,,,,,,,,,
33200,d41d2422-eabe-2334-5224-3a0fe5d7174e,HO GÀ,,,,,,,,,,,,,,,,,,
16411,0579cca9-884d-65ae-5197-3a1909c1df32,DƯỠNG TRẮNG DA,,,,,,,,,,,,,,,,,,
16345,703c34c6-4fbe-45ea-982b-c0e4d194c9e7,BETA LACTAM,,,,,,,,,,,,,,,,,,
15100,05d905f9-1d3a-49ae-9bba-4067d03c719c,HO ĐÀM,,,,,,,,,,,,,,,,,,
14409,e52fd26c-95a0-4a8a-be58-49d68ff01200,DẦU GỘI,,,,,,,,,,,,,,,,,,
19794,703c34c6-4fbe-45ea-982b-c0e4d194c9e7,BETA LACTAM,,,,,,,,,,,,,,,,,,
15442,747afa89-dd09-4a91-b247-c2b8364ebd7d,RĂNG MIỆNG,,,,,,,,,,,,,,,,,,
15539,e9f33f28-0289-aafe-a841-3a1909bf7ee7,DƯỠNG ẨM TOÀN THÂN,,,,,,,,,,,,,,,,,,
16090,f11f8e97-aa4f-48f2-3cae-3a1909e04181,RỬA MẶT,,,,,,,,,,,,,,,,,,
39360,000b52cd-937d-d2c3-6ced-3a118c5b82c5,DINH DƯỠNG THỂ THAO,,,,,,,,,,,,,,,,,,
20528,f6a3c8cf-551a-43e4-ba59-be433dba4849,Thuốc trị ho cảm,,,,,,,,,,,,,,,,,,
18320,703c34c6-4fbe-45ea-982b-c0e4d194c9e7,BETA LACTAM,,,,,,,,,,,,,,,,,,
40643,2040273b-cc1b-4229-9d5e-12f8c9bccab5,DẠI,,,,,,,,,,,,,,,,,,
22078,e52fd26c-95a0-4a8a-be58-49d68ff01200,DẦU GỘI,,,,,,,,,,,,,,,,,,
16936,c444f3bc-c8fa-4493-b99e-cb481a536bd7,KẸO CỨNG,,,,,,,,,,,,,,,,,,
32688,4b950f10-aa1b-484f-b859-72f7e835a37b,BỔ XƯƠNG,,,,,,,,,,,,,,,,,,
2.91E+04,e78d72a0-0386-4e65-b1d7-3153445f9771,KHÁNG SINH,,,,,,,,,,,,,,,,,,
2.71E+04,c89527af-4fa4-4250-b4e9-5fdc823b0a26,KHÁC,,,,,,,,,,,,,,,,,,
43572,f11f8e97-aa4f-48f2-3cae-3a1909e04181,RỬA MẶT,,,,,,,,,,,,,,,,,,
20354,66d520c8-0233-4138-89e9-121b2a5b7f2e,DẠ DÀY VIÊN,,,,,,,,,,,,,,,,,,
20569,3dd79e4c-7343-4b4e-a5a3-192d91e0a0f5,LOÃNG XƯƠNG,,,,,,,,,,,,,,,,,,
21410,e52fd26c-95a0-4a8a-be58-49d68ff01200,DẦU GỘI,,,,,,,,,,,,,,,,,,
42599,e11f35ff-b985-a8ad-1d7d-3a1909da5b9e,MỤN,,,,,,,,,,,,,,,,,,
22076,95e99909-d9aa-1f44-5a38-3a1909d1f4e5,KHOÁNG DƯỠNG ẨM,,,,,,,,,,,,,,,,,,
33995,e11f35ff-b985-a8ad-1d7d-3a1909da5b9e,MỤN,,,,,,,,,,,,,,,,,,
