id,unique_id,name,level,,,,,,,,,,,,,,,,,,,,,,,,,,,,,,,,,,,,,,,,
66b6d305-aeb3-49ff-92e2-d9c18d3f3d30,998,CẢM - HO ĐÀM - SỔ MŨI,2,,,,,,,,,,,,,,,,,,,,,,,,,,,,,,,,,,,,,,,,
7a0e71bd-55da-4cd3-6079-3a14b37b40b1,3936,MÁY TĂM NƯỚC,2,,,,,,,,,,,,,,,,,,,,,,,,,,,,,,,,,,,,,,,,
2dd26c0d-2b35-4adf-b837-3e75cfe09871,1034,THẬN,2,,,,,,,,,,,,,,,,,,,,,,,,,,,,,,,,,,,,,,,,
cddc8630-0a82-4569-a505-21f00543f38b,816,CẮT LIỀU,1,,,,,,,,,,,,,,,,,,,,,,,,,,,,,,,,,,,,,,,,
21ba7ae9-5446-4b8a-a09e-388da9e56dbc,814,TPCN,1,,,,,,,,,,,,,,,,,,,,,,,,,,,,,,,,,,,,,,,,
8400e63b-bb40-4219-82a4-6c83ef544fac,996,ĐAU DẠ DÀY,2,,,,,,,,,,,,,,,,,,,,,,,,,,,,,,,,,,,,,,,,
9ccc9fd4-0231-4693-8be6-14aa94e55ce3,3877,BẠCH HẦU – HO GÀ – UỐN VÁN – BẠI LIỆT,2,,,,,,,,,,,,,,,,,,,,,,,,,,,,,,,,,,,,,,,,
a80abd18-ed1f-c3fd-d703-3a0fe608807f,3908,BỆNH DO PHẾ CẦU,2,,,,,,,,,,,,,,,,,,,,,,,,,,,,,,,,,,,,,,,,
a818ac20-642e-7f38-1b6e-3a0fe621d0ca,3916,"BẠCH HẦU, UỐN VÁN",2,,,,,,,,,,,,,,,,,,,,,,,,,,,,,,,,,,,,,,,,
b56937a3-a40f-4bb0-ba0c-af437bd37bf5,1057,DẠ DÀY,2,,,,,,,,,,,,,,,,,,,,,,,,,,,,,,,,,,,,,,,,
d06e00d8-5abc-4925-b97a-bb7fd51c35f6,861,KHÁC,2,,,,,,,,,,,,,,,,,,,,,,,,,,,,,,,,,,,,,,,,
7712c55a-79bf-4097-b2c1-38c668863fd2,1018,MIẾNG DÁN,2,,,,,,,,,,,,,,,,,,,,,,,,,,,,,,,,,,,,,,,,
927d7671-c5a1-43f9-9a6f-8289230b24ee,903,THUỐC TĂNG CƯỜNG TUẦN HOÀN NÃO,2,,,,,,,,,,,,,,,,,,,,,,,,,,,,,,,,,,,,,,,,
f435588a-5b19-4550-96b3-118b692e0461,891,THUỐC BỔ,2,,,,,,,,,,,,,,,,,,,,,,,,,,,,,,,,,,,,,,,,
7e41c088-1e0f-4e21-bd82-d953f2cb9f91,853,THUỐC HEN SUYỄN,2,,,,,,,,,,,,,,,,,,,,,,,,,,,,,,,,,,,,,,,,
d87367fe-e265-4319-a8d8-60fb0607e19f,1091,THUỐC TRỊ BỆNH TUYẾN GIÁP,2,,,,,,,,,,,,,,,,,,,,,,,,,,,,,,,,,,,,,,,,
0b4dac5c-67f7-4d0e-b679-90e89b4e77c3,3837,BỔ XƯƠNG KHỚP,2,,,,,,,,,,,,,,,,,,,,,,,,,,,,,,,,,,,,,,,,
63a348df-fc7a-470c-84e4-cf18a6c5b15e,839,THUỐC BÔI NGOÀI DA,2,,,,,,,,,,,,,,,,,,,,,,,,,,,,,,,,,,,,,,,,
ae7d6f9a-4598-42f2-ab40-1d92e4bb497c,1050,TRẺ EM - BỔ NÃO,2,,,,,,,,,,,,,,,,,,,,,,,,,,,,,,,,,,,,,,,,
e04a40fb-de6e-4182-9043-e79457643bda,1085,DẦU NÓNG XOA BÓP,2,,,,,,,,,,,,,,,,,,,,,,,,,,,,,,,,,,,,,,,,
15ef7f4d-ed42-4e8c-9251-2bfe4e26b377,3818,MÁY TRỢ THÍNH,2,,,,,,,,,,,,,,,,,,,,,,,,,,,,,,,,,,,,,,,,
11bded7d-7757-f714-f037-3a126f3afdc4,3923,UNG THƯ DO HPV 4 CHỦNG,2,,,,,,,,,,,,,,,,,,,,,,,,,,,,,,,,,,,,,,,,
a1ae934d-851a-4394-8391-2c7ed7e04711,3895,VIÊM GAN A,2,,,,,,,,,,,,,,,,,,,,,,,,,,,,,,,,,,,,,,,,
bf5a484b-ce50-4b38-bf63-08f5489c7ee5,1025,TÓC,2,,,,,,,,,,,,,,,,,,,,,,,,,,,,,,,,,,,,,,,,
54272187-1671-4548-9ca6-467036f8f074,969,CHĂM SÓC DA MẶT,2,,,,,,,,,,,,,,,,,,,,,,,,,,,,,,,,,,,,,,,,
ae6802b0-c8ff-4a41-b273-bd1401d2c330,844,THUỐC TRỊ BỆNH GAN,2,,,,,,,,,,,,,,,,,,,,,,,,,,,,,,,,,,,,,,,,
cf8e117e-9cd8-4d0c-9f6f-ccec830a13f1,1063,HÀNG TẶNG,2,,,,,,,,,,,,,,,,,,,,,,,,,,,,,,,,,,,,,,,,
d5f7bc82-8f3b-4abc-b365-a92328d485b9,1078,CHĂM SÓC CƠ THỂ,2,,,,,,,,,,,,,,,,,,,,,,,,,,,,,,,,,,,,,,,,
01d8cc2c-4757-4e47-a10e-7ee884f9c43b,899,THUỐC TIÊU HÓA,2,,,,,,,,,,,,,,,,,,,,,,,,,,,,,,,,,,,,,,,,
3e7c6b2b-2065-a4f9-506e-3a1d373cd61a,3975,ĐỘC CHẤT,2,,,,,,,,,,,,,,,,,,,,,,,,,,,,,,,,,,,,,,,,
a344e250-842f-43c7-8f0f-9ba7e2f202a7,3892,UNG THƯ CỔ TỬ CUNG,2,,,,,,,,,,,,,,,,,,,,,,,,,,,,,,,,,,,,,,,,
b35bcf8e-e7a3-4639-ae92-de7384cc4959,1005,GỌNG KÍNH,2,,,,,,,,,,,,,,,,,,,,,,,,,,,,,,,,,,,,,,,,
33b72842-af5f-425e-8c57-43aff69df17a,976,VITAMIN & THUỐC BỔ,2,,,,,,,,,,,,,,,,,,,,,,,,,,,,,,,,,,,,,,,,
0e9d342d-3ed9-4864-b1b5-3017bb9b9cfe,1058,TIÊU HOÁ,2,,,,,,,,,,,,,,,,,,,,,,,,,,,,,,,,,,,,,,,,
a20742e0-df5d-4b6b-8ebe-fc1a55e54f7e,1088,DẦU GỘI TRỊ GÀU,2,,,,,,,,,,,,,,,,,,,,,,,,,,,,,,,,,,,,,,,,
43c0f281-db73-4205-95ff-79056ae0278a,1069,CHĂM SÓC CƠ THỂ,2,,,,,,,,,,,,,,,,,,,,,,,,,,,,,,,,,,,,,,,,
4a0f5a9b-6208-4c7c-ae80-c5d90a2c010f,3875,5 TRONG 1,2,,,,,,,,,,,,,,,,,,,,,,,,,,,,,,,,,,,,,,,,
661b9c5f-a168-43be-9a0a-24da81b07b13,1104,THUỐC BÙ ĐIỆN GIẢI,2,,,,,,,,,,,,,,,,,,,,,,,,,,,,,,,,,,,,,,,,
859c0323-53a0-4b65-991a-5d9da0e9cb4c,985,CHI PHÍ HOẠT ĐỘNG,2,,,,,,,,,,,,,,,,,,,,,,,,,,,,,,,,,,,,,,,,
e8e95be4-3c15-f036-f0ef-3a18fe1200d4,3945,DƯỠNG ẨM,2,,,,,,,,,,,,,,,,,,,,,,,,,,,,,,,,,,,,,,,,
f1f74b88-715d-4e67-b031-57fe311a0af9,864,THUỐC KHÁNG NẤM,2,,,,,,,,,,,,,,,,,,,,,,,,,,,,,,,,,,,,,,,,
5b8decdf-96c7-4352-b84b-e076d10b374c,843,GẠC - GÒN - TĂM BÔNG,2,,,,,,,,,,,,,,,,,,,,,,,,,,,,,,,,,,,,,,,,
c9b27084-ba65-4878-ba37-feff44653a01,1040,TUYẾN GIÁP,2,,,,,,,,,,,,,,,,,,,,,,,,,,,,,,,,,,,,,,,,
21c6f65f-c3be-4156-9054-cee0bc175d0a,979,KHÁC,2,,,,,,,,,,,,,,,,,,,,,,,,,,,,,,,,,,,,,,,,
528942a7-df3a-4198-abb2-3e7e3b98356d,3844,GAN MẬT,2,,,,,,,,,,,,,,,,,,,,,,,,,,,,,,,,,,,,,,,,
65bfd871-17f5-43ce-84b5-38b217d632f6,904,THUỐC TRỊ BỆNH TUYẾN TIỀN LIỆT,2,,,,,,,,,,,,,,,,,,,,,,,,,,,,,,,,,,,,,,,,
2205f0b2-1953-4b4c-af2a-a900b3c1d092,1112,MARKETING,2,,,,,,,,,,,,,,,,,,,,,,,,,,,,,,,,,,,,,,,,
ce5fbf4d-7a1f-4182-8019-fce51375160a,3879,BỆNH SỐT VÀNG,2,,,,,,,,,,,,,,,,,,,,,,,,,,,,,,,,,,,,,,,,
dd95f414-74b7-45a0-a8ff-9b1762754dfb,983,VĂN PHÒNG PHẨM,2,,,,,,,,,,,,,,,,,,,,,,,,,,,,,,,,,,,,,,,,
012d1ba4-073d-1825-60d2-3a0fe61eb134,3914,SỐT VÀNG,2,,,,,,,,,,,,,,,,,,,,,,,,,,,,,,,,,,,,,,,,
3d1e716c-a856-4c36-a9ab-ba9f558fd4f3,3869,Phiếu Mua Hàng,2,,,,,,,,,,,,,,,,,,,,,,,,,,,,,,,,,,,,,,,,
3dd7708b-570a-4eaf-bdcc-477c70113d3b,1070,CHĂM SÓC DA MẶT,2,,,,,,,,,,,,,,,,,,,,,,,,,,,,,,,,,,,,,,,,
e51e4367-6884-4ee9-af62-63a5d5c24f6c,3897,VIÊM GAN B VÀ VIÊM GAN A,2,,,,,,,,,,,,,,,,,,,,,,,,,,,,,,,,,,,,,,,,
768b6835-e84e-4642-9c3b-a0a2967e1309,988,SIRO GIẢM ĐAU HẠ SỐT,2,,,,,,,,,,,,,,,,,,,,,,,,,,,,,,,,,,,,,,,,
7ab66588-2e0d-4b45-a3a8-9bd98fbfa778,3880,CÁC BỆNH DO PHẾ CẦU,2,,,,,,,,,,,,,,,,,,,,,,,,,,,,,,,,,,,,,,,,
d46f8470-304c-605c-605c-3a12b7173e18,3926,HUYẾT THANH KHÁNG VIÊM GAN B,2,,,,,,,,,,,,,,,,,,,,,,,,,,,,,,,,,,,,,,,,
e91aa881-6195-4509-bae3-51e3776bd8a8,1106,DÁN SAY TÀU XE,2,,,,,,,,,,,,,,,,,,,,,,,,,,,,,,,,,,,,,,,,
1b2f727f-2dc6-4cf4-9ce7-47e942bc2d94,1027,GIẢM CÂN,2,,,,,,,,,,,,,,,,,,,,,,,,,,,,,,,,,,,,,,,,
58c21e0e-ba6f-434d-82cd-4364c9c42c42,895,THUỐC TIÊM CHÍCH,2,,,,,,,,,,,,,,,,,,,,,,,,,,,,,,,,,,,,,,,,
4a47b149-d06c-aabe-55d5-3a14fdee14fa,3939,"Sởi, Rubella",2,,,,,,,,,,,,,,,,,,,,,,,,,,,,,,,,,,,,,,,,
8e9721c3-3310-4340-8303-e6bb5097be1d,867,KIM CÁC LOẠI,2,,,,,,,,,,,,,,,,,,,,,,,,,,,,,,,,,,,,,,,,
b75f4e72-e354-0307-2411-3a1eaf661824,4001,CHỨC NĂNG TIM MẠCH,2,,,,,,,,,,,,,,,,,,,,,,,,,,,,,,,,,,,,,,,,
d31604b5-59e2-dfd4-a7a0-3a1d47bc1048,3992,TIÊU HÓA,2,,,,,,,,,,,,,,,,,,,,,,,,,,,,,,,,,,,,,,,,
e7c542d3-7c89-4f20-bd88-948d08bfb2c0,1044,CAI RƯỢU,2,,,,,,,,,,,,,,,,,,,,,,,,,,,,,,,,,,,,,,,,
0960582c-c254-4e2e-a428-d442c9148cd5,874,DUNG DỊCH VỆ SINH PHỤ NỮ,2,,,,,,,,,,,,,,,,,,,,,,,,,,,,,,,,,,,,,,,,
1c1a4ddc-910e-4669-ba32-5d94e2b63e69,810,THUỐC,1,,,,,,,,,,,,,,,,,,,,,,,,,,,,,,,,,,,,,,,,
bd4bc795-7971-a116-74ed-3a1d47babc60,3988,NỘI TIẾT - HOCMON,2,,,,,,,,,,,,,,,,,,,,,,,,,,,,,,,,,,,,,,,,
f51853c8-4854-441c-b84c-beb0cc167f87,3810,CHĂM SÓC RĂNG MIỆNG,2,,,,,,,,,,,,,,,,,,,,,,,,,,,,,,,,,,,,,,,,
2e5d3f50-214a-4c95-bf99-f9397286e61d,3833,"BAO BÌ, ĐÓNG GÓI",2,,,,,,,,,,,,,,,,,,,,,,,,,,,,,,,,,,,,,,,,
ae3bf3da-68d7-47d6-8d3f-f5b525232dd5,958,SIRO BỔ,2,,,,,,,,,,,,,,,,,,,,,,,,,,,,,,,,,,,,,,,,
d1eaba56-8188-efe3-da33-3a18fe12bbbb,3949,CHĂM SÓC XƯƠNG KHỚP,2,,,,,,,,,,,,,,,,,,,,,,,,,,,,,,,,,,,,,,,,
6de69ca8-b037-4bc9-150f-3a201293ca6d,4007,TAY CHÂN MIỆNG,2,,,,,,,,,,,,,,,,,,,,,,,,,,,,,,,,,,,,,,,,
ba320ab6-3e36-46ff-972f-1b0627aa403b,851,THUỐC TRỊ GOUT,2,,,,,,,,,,,,,,,,,,,,,,,,,,,,,,,,,,,,,,,,
bc3fa51c-c977-4520-a626-1d80f08e6543,1084,DẦU GIÓ,2,,,,,,,,,,,,,,,,,,,,,,,,,,,,,,,,,,,,,,,,
3ec07f5e-d199-4cd0-9090-4b95876116ba,819,CỤC DƯỢC,1,,,,,,,,,,,,,,,,,,,,,,,,,,,,,,,,,,,,,,,,
61cb1c11-3f4c-3415-d609-3a1d47bb584c,3989,BỆNH DI TRUYỀN,2,,,,,,,,,,,,,,,,,,,,,,,,,,,,,,,,,,,,,,,,
19f87ea1-b939-7b4a-64a6-3a12d479e3fa,3928,ZONA THẦN KINH,2,,,,,,,,,,,,,,,,,,,,,,,,,,,,,,,,,,,,,,,,
240186d4-0246-4272-b2de-b3d52e8eecd8,3863,THUỐC BỔ,2,,,,,,,,,,,,,,,,,,,,,,,,,,,,,,,,,,,,,,,,
97f46f5b-0ea2-4357-9e1c-0c8dc14816b3,914,THUỐC LỢI TIỂU,2,,,,,,,,,,,,,,,,,,,,,,,,,,,,,,,,,,,,,,,,
f7c667db-5a21-44f4-9f4c-84f431359e8a,905,THUỐC CHỐNG UNG THƯ,2,,,,,,,,,,,,,,,,,,,,,,,,,,,,,,,,,,,,,,,,
02dd7072-9eb7-489d-a171-49aedc128f4e,906,THUỐC KHÁNG VIRUS,2,,,,,,,,,,,,,,,,,,,,,,,,,,,,,,,,,,,,,,,,
47fd29e1-7ed1-4e84-bc9f-90cab92ae54d,1059,VITAMIN - ĐỀ KHÁNG,2,,,,,,,,,,,,,,,,,,,,,,,,,,,,,,,,,,,,,,,,
915ec876-679e-4dbc-3437-3a1e5cceed59,3999,Virus hợp bào hô hấp - RSV,2,,,,,,,,,,,,,,,,,,,,,,,,,,,,,,,,,,,,,,,,
c9e3a1bc-ff2e-48aa-88cf-9c1eebde6b41,1017,ĐỒ BẢO HỘ,2,,,,,,,,,,,,,,,,,,,,,,,,,,,,,,,,,,,,,,,,
21410726-cc4d-459a-afec-38e63ec11ae2,1032,TRẺ EM - ĂN NGON NGỦ NGON,2,,,,,,,,,,,,,,,,,,,,,,,,,,,,,,,,,,,,,,,,
4279ce87-4d23-490c-90c0-c723c7a6f2e8,817,KHÁC,1,,,,,,,,,,,,,,,,,,,,,,,,,,,,,,,,,,,,,,,,
15751378-feba-4b87-bc83-56d462093361,1061,MANG THAI,2,,,,,,,,,,,,,,,,,,,,,,,,,,,,,,,,,,,,,,,,
c8d26af1-8f93-6118-569f-3a1d47ba80dd,3987,TỰ MIỄN,2,,,,,,,,,,,,,,,,,,,,,,,,,,,,,,,,,,,,,,,,
d4952714-bd46-45c6-96d0-f53a7796ed5e,3795,MÁY ĐO ĐƯỜNG HUYẾT,2,,,,,,,,,,,,,,,,,,,,,,,,,,,,,,,,,,,,,,,,
4164ed00-7472-4641-a526-e6f741a2a781,957,THUỐC CẦM MÁU,2,,,,,,,,,,,,,,,,,,,,,,,,,,,,,,,,,,,,,,,,
14f0feca-03c7-435f-bfb7-93e614f3bfac,821,HÀNG TIÊU DÙNG NHANH,1,,,,,,,,,,,,,,,,,,,,,,,,,,,,,,,,,,,,,,,,
3f3ff5b1-7993-4521-9ac2-70861b075db1,1099,SIRO TIÊU HÓA,2,,,,,,,,,,,,,,,,,,,,,,,,,,,,,,,,,,,,,,,,
c07043f1-d89b-4c11-b1c6-5b837feffca3,1010,NHỎ MẮT,2,,,,,,,,,,,,,,,,,,,,,,,,,,,,,,,,,,,,,,,,
25812c9e-94b5-4a28-9887-ba271b577db1,1096,THUỐC BÔI RĂNG MIỆNG,2,,,,,,,,,,,,,,,,,,,,,,,,,,,,,,,,,,,,,,,,
3a273a8e-a0ac-4c13-b62b-64961657075d,815,HÀNG CHỜ,1,,,,,,,,,,,,,,,,,,,,,,,,,,,,,,,,,,,,,,,,
596e7cc1-a80a-4961-b84c-c1d65dc554e3,3898,VIÊM MÀNG NÃO MÔ CẦU ACYW,2,,,,,,,,,,,,,,,,,,,,,,,,,,,,,,,,,,,,,,,,
d17e6a72-8075-40f7-a011-bfc72b0e66cf,3894,"UỐN VÁN, BẠCH HẦU HẤP PHỤ (Td)",2,,,,,,,,,,,,,,,,,,,,,,,,,,,,,,,,,,,,,,,,
97d184f5-ad96-4a86-b7d4-b57b34e7b961,968,CHĂM SÓC TÓC - DA ĐẦU,2,,,,,,,,,,,,,,,,,,,,,,,,,,,,,,,,,,,,,,,,
c712f4a2-5084-4785-959c-91af4327a794,1095,SIRO HEN SUYỄN,2,,,,,,,,,,,,,,,,,,,,,,,,,,,,,,,,,,,,,,,,
ffca7c69-95a0-4839-b7b1-9cc4a9e451c7,1079,ĐỒ DÙNG GIA ĐÌNH,2,,,,,,,,,,,,,,,,,,,,,,,,,,,,,,,,,,,,,,,,
0ed0440b-4925-4206-b1a9-afe03b9ae8e3,1035,TRĨ,2,,,,,,,,,,,,,,,,,,,,,,,,,,,,,,,,,,,,,,,,
206abb96-07a4-0fca-fe18-3a1d37157800,3961,TỔNG QUÁT,2,,,,,,,,,,,,,,,,,,,,,,,,,,,,,,,,,,,,,,,,
59d1ebd3-5af7-464d-bfae-51cd34597fb3,999,RỐI LOẠN TIỀN ĐÌNH,2,,,,,,,,,,,,,,,,,,,,,,,,,,,,,,,,,,,,,,,,
b8a1f38f-872b-40ba-ad11-fb88130cae1b,3885,LAO,2,,,,,,,,,,,,,,,,,,,,,,,,,,,,,,,,,,,,,,,,
cd29873b-f8fa-4327-8c7e-9960e0a5b19d,1031,ĐẠI TRÀNG,2,,,,,,,,,,,,,,,,,,,,,,,,,,,,,,,,,,,,,,,,
26678460-0cd3-70c2-e38a-3a132837691c,3930,PHỤ KIỆN MÁY,2,,,,,,,,,,,,,,,,,,,,,,,,,,,,,,,,,,,,,,,,
5bb1a7ea-bc37-33f5-37c0-3a0fe60cdc35,3910,BỆNH DO HIB,2,,,,,,,,,,,,,,,,,,,,,,,,,,,,,,,,,,,,,,,,
25a00703-f904-4481-a2bc-ff58d8d35329,987,THUỐC TRỊ THIẾU MÁU,2,,,,,,,,,,,,,,,,,,,,,,,,,,,,,,,,,,,,,,,,
74948c83-5e7d-4306-98b9-0e832ccc8786,962,KHÁC,2,,,,,,,,,,,,,,,,,,,,,,,,,,,,,,,,,,,,,,,,
737331d1-7dde-4c38-9240-a64518ea74ec,997,ĐAU RĂNG,2,,,,,,,,,,,,,,,,,,,,,,,,,,,,,,,,,,,,,,,,
8125f0d9-888b-475d-8345-8b3d2d914456,1060,TRẺ EM - TĂNG CHIỀU CAO,2,,,,,,,,,,,,,,,,,,,,,,,,,,,,,,,,,,,,,,,,
e57dd07b-4430-6783-3480-3a1d47ba3808,3986,SỨC KHỎE THAI KỲ,2,,,,,,,,,,,,,,,,,,,,,,,,,,,,,,,,,,,,,,,,
18793a28-5ef5-425d-8b1c-0c603de86b90,1033,TRẺ EM - ĐỀ KHÁNG,2,,,,,,,,,,,,,,,,,,,,,,,,,,,,,,,,,,,,,,,,
247398db-0025-4553-86e2-b54ac8448833,1047,VIÊM DA,2,,,,,,,,,,,,,,,,,,,,,,,,,,,,,,,,,,,,,,,,
25118285-1d6a-4f43-9ca7-db92220c980a,889,THUỐC THẦN KINH,2,,,,,,,,,,,,,,,,,,,,,,,,,,,,,,,,,,,,,,,,
d2584b2c-62ad-40e7-a257-24681125cbd0,1029,GOUT,2,,,,,,,,,,,,,,,,,,,,,,,,,,,,,,,,,,,,,,,,
52e7bf99-cc87-905b-5068-3a1dfe735ae4,3995,TUYẾN GIÁP,2,,,,,,,,,,,,,,,,,,,,,,,,,,,,,,,,,,,,,,,,
f770a6db-8722-4892-9792-bb1b25566232,888,THUỐC TRỊ TÁO BÓN,2,,,,,,,,,,,,,,,,,,,,,,,,,,,,,,,,,,,,,,,,
8c7e23cd-82d8-44d7-b22c-e2bdaf92f795,898,THUỐC TRỊ TIỂU ĐƯỜNG,2,,,,,,,,,,,,,,,,,,,,,,,,,,,,,,,,,,,,,,,,
9732530e-c22e-4ab6-b3b2-89d59f68f035,936,MẸ VÀ BÉ,2,,,,,,,,,,,,,,,,,,,,,,,,,,,,,,,,,,,,,,,,
e9870523-8953-39e6-9d50-3a1d47b8c159,3983,CƠ XƯƠNG KHỚP,2,,,,,,,,,,,,,,,,,,,,,,,,,,,,,,,,,,,,,,,,
023f509e-c443-49f0-8d5b-419bfb99b256,990,THUỐC TÊ BÔI,2,,,,,,,,,,,,,,,,,,,,,,,,,,,,,,,,,,,,,,,,
acecc327-d545-4970-8a0e-0db332b1f8db,1071,CHĂM SÓC TÓC - DA ĐẦU,2,,,,,,,,,,,,,,,,,,,,,,,,,,,,,,,,,,,,,,,,
bac55474-974b-257f-cb70-3a1d47b6c2bf,3981,ĐIỆN GIẢI ĐỒ,2,,,,,,,,,,,,,,,,,,,,,,,,,,,,,,,,,,,,,,,,
e8ce1a28-8060-413c-a9a2-17e026a3694e,970,CHỐNG NẮNG,2,,,,,,,,,,,,,,,,,,,,,,,,,,,,,,,,,,,,,,,,
2425825b-cc1a-a279-478b-3a18fe125477,3947,CHĂM SÓC VẾT THƯƠNG,2,,,,,,,,,,,,,,,,,,,,,,,,,,,,,,,,,,,,,,,,
7d3a39dd-0390-40b6-b4f8-5d6b3517cd73,3859,SỮA RỬA MẶT,2,,,,,,,,,,,,,,,,,,,,,,,,,,,,,,,,,,,,,,,,
99f2e79a-fbda-48d7-a091-4c07c0c1d316,3715,ĐIỀU TRỊ UNG THƯ,2,,,,,,,,,,,,,,,,,,,,,,,,,,,,,,,,,,,,,,,,
6382842f-2614-4846-9bd0-36d71ea26f06,1009,NƯỚC NGÂM KÍNH,2,,,,,,,,,,,,,,,,,,,,,,,,,,,,,,,,,,,,,,,,
8b48476b-2a56-415c-9974-ab98e00ca2ad,1039,NỘI TIẾT TỐ,2,,,,,,,,,,,,,,,,,,,,,,,,,,,,,,,,,,,,,,,,
daa3d58f-7266-403a-bfa2-737eb7bd2350,995,NHIỆT MIỆNG,2,,,,,,,,,,,,,,,,,,,,,,,,,,,,,,,,,,,,,,,,
3fdcfedf-7b5c-44de-b230-11e07608c2a3,827,THUỐC CHỐNG ĐÔNG MÁU,2,,,,,,,,,,,,,,,,,,,,,,,,,,,,,,,,,,,,,,,,
40d67d46-a955-491a-8746-d280f01ce2e3,1064,CHĂM SÓC CÁ NHÂN,2,,,,,,,,,,,,,,,,,,,,,,,,,,,,,,,,,,,,,,,,
00c5dc92-22b1-4338-927a-33da5bc3b4fd,975,TPCN ĐẶC TRỊ BỆNH,2,,,,,,,,,,,,,,,,,,,,,,,,,,,,,,,,,,,,,,,,
a650c42d-72ac-47ce-8b14-57f28dafa2b9,967,CHĂM SÓC CƠ THỂ,2,,,,,,,,,,,,,,,,,,,,,,,,,,,,,,,,,,,,,,,,
d03c9b7a-1ba3-467d-a2c0-c3a102417cbe,1081,THUỐC XÔNG XỊT HEN SUYỄN,2,,,,,,,,,,,,,,,,,,,,,,,,,,,,,,,,,,,,,,,,
cea16012-72b4-4105-9fed-e9d955e480c0,1028,MẮT,2,,,,,,,,,,,,,,,,,,,,,,,,,,,,,,,,,,,,,,,,
6331d6de-429c-43d5-a56d-ebf2b64d03a0,3884,HUYẾT THANH UỐN VÁN SAT,2,,,,,,,,,,,,,,,,,,,,,,,,,,,,,,,,,,,,,,,,
2d9dcc9c-ae73-44d1-aece-333d261ab067,1100,THUỐC TRỊ CƯỜNG GIÁP,2,,,,,,,,,,,,,,,,,,,,,,,,,,,,,,,,,,,,,,,,
61c694b6-bda5-66d0-cadd-3a1b43dbb0e6,3955,HÔ HẤP,2,,,,,,,,,,,,,,,,,,,,,,,,,,,,,,,,,,,,,,,,
2069f820-c29c-61c3-1d4c-3a1dfe72eaab,3994,TIỂU ĐƯỜNG,2,,,,,,,,,,,,,,,,,,,,,,,,,,,,,,,,,,,,,,,,
de4346fd-111f-dc74-36f6-3a0fe6200f99,3915,4 TRONG 1,2,,,,,,,,,,,,,,,,,,,,,,,,,,,,,,,,,,,,,,,,
e0135eba-e7da-4290-e6f5-3a18fe1289a3,3948,CHĂM SÓC VÙNG KÍN,2,,,,,,,,,,,,,,,,,,,,,,,,,,,,,,,,,,,,,,,,
7d564b8c-0827-4d41-b552-ee3d3248f231,893,THUỐC TRA MẮT,2,,,,,,,,,,,,,,,,,,,,,,,,,,,,,,,,,,,,,,,,
54e208ad-3a2f-455b-98d9-519c89ea850e,1113,MIẾNG DÁN GIẢM ĐAU,2,,,,,,,,,,,,,,,,,,,,,,,,,,,,,,,,,,,,,,,,
bcc482f1-28ab-438f-8c3b-eb70b1a8be17,1052,ĐẸP DA,2,,,,,,,,,,,,,,,,,,,,,,,,,,,,,,,,,,,,,,,,
2494cd3d-62d5-4551-97fd-67d95d8adeb2,3868,XÔNG XỊT,2,,,,,,,,,,,,,,,,,,,,,,,,,,,,,,,,,,,,,,,,
e323ae4d-9947-4eb3-81c6-2e394f02043e,1037,TĨNH MẠCH,2,,,,,,,,,,,,,,,,,,,,,,,,,,,,,,,,,,,,,,,,
28278bd5-aa14-4845-a73c-6d95d9be112a,1089,DUNG DỊCH SÚC MIỆNG,2,,,,,,,,,,,,,,,,,,,,,,,,,,,,,,,,,,,,,,,,
c50f1a2b-0d33-4c2f-bcf9-3da05e480de0,847,THUỐC GIẢM ĐAU HẠ SỐT,2,,,,,,,,,,,,,,,,,,,,,,,,,,,,,,,,,,,,,,,,
225b43ad-f917-4ba9-9122-79b48baa90ed,897,THUỐC TRỊ TIÊU CHẢY,2,,,,,,,,,,,,,,,,,,,,,,,,,,,,,,,,,,,,,,,,
a8d7a8ac-c28c-481f-afbf-c115e13be24a,870,THUỐC NGỪA THAI,2,,,,,,,,,,,,,,,,,,,,,,,,,,,,,,,,,,,,,,,,
f5bf8cae-bbdb-4ffb-adce-84a46a3f521d,812,DƯỢC MỸ PHẨM,1,,,,,,,,,,,,,,,,,,,,,,,,,,,,,,,,,,,,,,,,
1c737726-57a0-4b63-bcdd-010edaa3dfcc,992,THUỐC TRỊ BỆNH THẬN,2,,,,,,,,,,,,,,,,,,,,,,,,,,,,,,,,,,,,,,,,
23f1ec7b-ee90-47ea-b084-c8bd3900bf6c,1003,DỊ ỨNG,2,,,,,,,,,,,,,,,,,,,,,,,,,,,,,,,,,,,,,,,,
c9e3f2e3-6d70-278e-091b-3a1328490a81,3931,MÁY MÁT XA,2,,,,,,,,,,,,,,,,,,,,,,,,,,,,,,,,,,,,,,,,
d42941c6-ce50-490d-a91d-40768a30af0d,859,KHÁC,2,,,,,,,,,,,,,,,,,,,,,,,,,,,,,,,,,,,,,,,,
db8c5e9a-88c9-3ebc-cf24-3a0fe61bf035,3913,NÃO MÔ CẦU ACYW,2,,,,,,,,,,,,,,,,,,,,,,,,,,,,,,,,,,,,,,,,
a690c6a5-39f7-4885-9213-849209fbd13b,3891,THỦY ĐẬU,2,,,,,,,,,,,,,,,,,,,,,,,,,,,,,,,,,,,,,,,,
b717223a-f1c1-4a10-9708-f361c5a584ca,863,THUỐC KHÁNG LAO,2,,,,,,,,,,,,,,,,,,,,,,,,,,,,,,,,,,,,,,,,
eb192e1d-59a7-c4c4-e3e8-3a1d3715fe9a,3963,VI CHẤT,2,,,,,,,,,,,,,,,,,,,,,,,,,,,,,,,,,,,,,,,,
b888c214-359f-f3e3-7059-3a0fe60e2bb9,3911,NÃO MÔ CẦU BC,2,,,,,,,,,,,,,,,,,,,,,,,,,,,,,,,,,,,,,,,,
01e81fff-1053-4fb6-b693-fdd49b554ac8,1016,ĐAI - NẸP,2,,,,,,,,,,,,,,,,,,,,,,,,,,,,,,,,,,,,,,,,
51e58fd6-377a-4cd2-bf7b-be50857e4381,1012,THỰC PHẨM BỔ DƯỠNG,2,,,,,,,,,,,,,,,,,,,,,,,,,,,,,,,,,,,,,,,,
92244994-7585-4c2b-afb3-d36b8ebc0e9d,1049,RĂNG MIỆNG,2,,,,,,,,,,,,,,,,,,,,,,,,,,,,,,,,,,,,,,,,
cd7a61b0-a426-44ab-bde8-680b418dbf16,831,THUỐC DẠ DÀY,2,,,,,,,,,,,,,,,,,,,,,,,,,,,,,,,,,,,,,,,,
db311e41-989a-477d-bf3c-57117e2379ee,854,THUỐC TRỊ HO CẢM,2,,,,,,,,,,,,,,,,,,,,,,,,,,,,,,,,,,,,,,,,
ab61bb4b-1549-46f3-94f3-e61584e5e79d,989,THUỐC TĂNG CƯỜNG SỨC ĐỀ KHÁNG,2,,,,,,,,,,,,,,,,,,,,,,,,,,,,,,,,,,,,,,,,
99af01e7-5225-4d31-99aa-2123473b5065,1077,CHĂM SÓC CÁ NHÂN,2,,,,,,,,,,,,,,,,,,,,,,,,,,,,,,,,,,,,,,,,
6291fc83-8394-49a4-e353-3a1e189ecdad,3996,Thiếu máu-Thiếu sắt,2,,,,,,,,,,,,,,,,,,,,,,,,,,,,,,,,,,,,,,,,
3bf886e8-37ae-40ce-ace6-b7d5cce91711,1021,DÙNG NGOÀI,2,,,,,,,,,,,,,,,,,,,,,,,,,,,,,,,,,,,,,,,,
b721f280-2428-4446-bec3-987d77403586,3890,THƯƠNG HÀN,2,,,,,,,,,,,,,,,,,,,,,,,,,,,,,,,,,,,,,,,,
50fb6445-2c83-4135-bf8e-680da7c5eb3d,1026,BỔ NGƯỜI LỚN,2,,,,,,,,,,,,,,,,,,,,,,,,,,,,,,,,,,,,,,,,
7979d0c1-9eb6-dc96-e775-3a1dfe728747,3993,DỊ ỨNG,2,,,,,,,,,,,,,,,,,,,,,,,,,,,,,,,,,,,,,,,,
32f7760c-8df4-4bc0-9526-9681840a24dc,942,SINH LÝ - NỘI TIẾT TỐ,2,,,,,,,,,,,,,,,,,,,,,,,,,,,,,,,,,,,,,,,,
4fcdcd59-7681-ed1c-8492-3a1e1e91a9e9,3997,THUỐC CHỐNG NÔN,2,,,,,,,,,,,,,,,,,,,,,,,,,,,,,,,,,,,,,,,,
73b31245-9fc7-4520-a418-057c4b957e7f,1038,TIỀN LIỆT TUYẾN,2,,,,,,,,,,,,,,,,,,,,,,,,,,,,,,,,,,,,,,,,
7a87289d-8c5a-40ea-bc00-79a9054ceed0,1048,HUYẾT ÁP,2,,,,,,,,,,,,,,,,,,,,,,,,,,,,,,,,,,,,,,,,
b6f32b30-b8ed-4d77-a250-7926a7a1d48c,1020,TAI MŨI HỌNG,2,,,,,,,,,,,,,,,,,,,,,,,,,,,,,,,,,,,,,,,,
201a6747-b34c-4fd4-8108-c8125155a52e,825,BÚT - QUE THỬ,2,,,,,,,,,,,,,,,,,,,,,,,,,,,,,,,,,,,,,,,,
d43c471f-bdcd-c9f2-525d-3a133771c24d,3934,MÁY ĐO TỔNG HỢP,2,,,,,,,,,,,,,,,,,,,,,,,,,,,,,,,,,,,,,,,,
d4973e37-98a2-0724-f0c0-3a1b438e164c,3954,"SỞI, QUAI BỊ, RUBELLA & THỦY ĐẬU",2,,,,,,,,,,,,,,,,,,,,,,,,,,,,,,,,,,,,,,,,
bf4dc609-62d8-f96f-d8f2-3a15da10f8fe,3940,BỆNH KHÁC,2,,,,,,,,,,,,,,,,,,,,,,,,,,,,,,,,,,,,,,,,
3b447d47-f0cb-465c-a2bc-3d677d7ca051,1097,ỐNG HÍT MŨI,2,,,,,,,,,,,,,,,,,,,,,,,,,,,,,,,,,,,,,,,,
66def1ab-f1c7-9d29-20d3-3a133770a629,3933,MÁY HÚT MŨI,2,,,,,,,,,,,,,,,,,,,,,,,,,,,,,,,,,,,,,,,,
7cfdb138-9176-469f-b57f-c0f0ad6a5077,1008,KÍNH ÁP TRÒNG,2,,,,,,,,,,,,,,,,,,,,,,,,,,,,,,,,,,,,,,,,
8837e648-c77d-4e44-832f-a9b6b2f63922,3799,MÁY XÔNG KHÍ DUNG,2,,,,,,,,,,,,,,,,,,,,,,,,,,,,,,,,,,,,,,,,
d64a8eeb-3664-451b-bca3-5caf83907163,1107,THUỐC BÔI SẸO,2,,,,,,,,,,,,,,,,,,,,,,,,,,,,,,,,,,,,,,,,
49415e21-7c1b-d981-075c-3a1d47b7b013,3982,Chức năng Tim,2,,,,,,,,,,,,,,,,,,,,,,,,,,,,,,,,,,,,,,,,
75922f8f-6bb8-4c24-a4b5-0021e7ef9e5f,1083,THUỐC SÁT KHUẨN,2,,,,,,,,,,,,,,,,,,,,,,,,,,,,,,,,,,,,,,,,
a1509dfa-4c34-4191-be67-e8d9fa139e14,3900,VIÊM MÀNG NÃO MỦ,2,,,,,,,,,,,,,,,,,,,,,,,,,,,,,,,,,,,,,,,,
d67eb400-b737-4b1c-95a1-b4ba93d9db62,1042,UNG THƯ,2,,,,,,,,,,,,,,,,,,,,,,,,,,,,,,,,,,,,,,,,
6700abcd-b8a4-a808-7f24-3a1ec233fc6e,4002,CHỨC NĂNG TRONG ĐIỀU TRỊ BẰNG THUỐC,2,,,,,,,,,,,,,,,,,,,,,,,,,,,,,,,,,,,,,,,,
d22dffe4-d3d9-4e3a-8179-ef1f2686aa9f,1062,XƯƠNG KHỚP,2,,,,,,,,,,,,,,,,,,,,,,,,,,,,,,,,,,,,,,,,
13579ae7-b59d-42b3-9e3d-c48f4efa3129,3876,6 TRONG 1,2,,,,,,,,,,,,,,,,,,,,,,,,,,,,,,,,,,,,,,,,
36405436-c002-4f70-89c9-a26dc32afc59,1045,TIỂU ĐƯỜNG,2,,,,,,,,,,,,,,,,,,,,,,,,,,,,,,,,,,,,,,,,
60d177fa-5c69-46a2-8d7d-bca408770a0a,832,THUỐC ĐẶT ÂM ĐẠO,2,,,,,,,,,,,,,,,,,,,,,,,,,,,,,,,,,,,,,,,,
26a10b02-9c0b-a764-ab9c-3a0fe60af6bf,3909,VIÊM GAN A+B,2,,,,,,,,,,,,,,,,,,,,,,,,,,,,,,,,,,,,,,,,
71e32219-4df7-40fc-b7a2-05eb35354c2f,1046,TRẺ EM - TIÊU HOÁ,2,,,,,,,,,,,,,,,,,,,,,,,,,,,,,,,,,,,,,,,,
ac3a2499-64e9-46f2-acfa-3a0ca9153694,34,VACCINE,1,,,,,,,,,,,,,,,,,,,,,,,,,,,,,,,,,,,,,,,,
9d340619-34cc-4c0c-a48e-c5b0271e2acc,848,THUỐC GIÃN CƠ,2,,,,,,,,,,,,,,,,,,,,,,,,,,,,,,,,,,,,,,,,
0847ef51-4244-4d77-b822-f838fcc66863,1043,TAI,2,,,,,,,,,,,,,,,,,,,,,,,,,,,,,,,,,,,,,,,,
3e24ee27-098f-4567-ac3a-80c5d72fc4b8,986,THUỐC AN THẦN,2,,,,,,,,,,,,,,,,,,,,,,,,,,,,,,,,,,,,,,,,
3f468644-d900-4419-9f3c-a2eff8a45fa2,1073,BÔNG,2,,,,,,,,,,,,,,,,,,,,,,,,,,,,,,,,,,,,,,,,
d31a7047-d085-471d-90c8-9102bf55f47b,1105,DẦU MÙ U,2,,,,,,,,,,,,,,,,,,,,,,,,,,,,,,,,,,,,,,,,
73081649-e9c9-45ce-a44b-04e1dc4ad3d0,820,MẮT KÍNH,1,,,,,,,,,,,,,,,,,,,,,,,,,,,,,,,,,,,,,,,,
415a2bf1-a76a-4e99-a836-a00ca740fe8a,845,GĂNG TAY - VỚ,2,,,,,,,,,,,,,,,,,,,,,,,,,,,,,,,,,,,,,,,,
6c0ba64c-53f6-483d-bff8-30379a05c154,1098,THUỐC TRỊ VIÊM XOANG,2,,,,,,,,,,,,,,,,,,,,,,,,,,,,,,,,,,,,,,,,
19acf96e-2491-86b8-0cea-3a2006ebf862,4005,COMBO TEST,2,,,,,,,,,,,,,,,,,,,,,,,,,,,,,,,,,,,,,,,,
6d0980bf-09f6-482a-96c4-a316a90fe0ba,871,NHỎ MẮT,2,,,,,,,,,,,,,,,,,,,,,,,,,,,,,,,,,,,,,,,,
fcbd9862-34bd-4ddf-9acc-a1c0fbc5be8c,860,KHÁC,2,,,,,,,,,,,,,,,,,,,,,,,,,,,,,,,,,,,,,,,,
c12e56cf-3f8c-42b5-938d-3c6e621bc5ec,3809,TRÀ BÁNH KẸO,2,,,,,,,,,,,,,,,,,,,,,,,,,,,,,,,,,,,,,,,,
815bbba5-959e-4204-a839-661170d43f98,1110,VIÊN CAI THUỐC LÁ,2,,,,,,,,,,,,,,,,,,,,,,,,,,,,,,,,,,,,,,,,
b50dcda8-be14-a3ca-21eb-3a0fe5ea8a1a,3907,"SỞI, QUAI BỊ, RUBELLA",2,,,,,,,,,,,,,,,,,,,,,,,,,,,,,,,,,,,,,,,,
d400b6ce-9cc0-414c-c32d-3a114e3daa88,3922,THUỐC NHỎ MŨI,2,,,,,,,,,,,,,,,,,,,,,,,,,,,,,,,,,,,,,,,,
ec7471fa-2175-4c82-bc39-edd0b98e1a70,1030,SỮA BỘT/NƯỚC,2,,,,,,,,,,,,,,,,,,,,,,,,,,,,,,,,,,,,,,,,
d1f3bb44-7ec0-4177-b87a-b8066e58b602,849,"THUỐC TRỊ TRĨ, SUY GIÃN TĨNH MẠCH",2,,,,,,,,,,,,,,,,,,,,,,,,,,,,,,,,,,,,,,,,
38af6a7a-5d23-5c45-9e00-3a14b37b90f7,3938,NHIỆT KẾ,2,,,,,,,,,,,,,,,,,,,,,,,,,,,,,,,,,,,,,,,,
c82fd32b-0dec-6e3d-9520-3a1d47bbd8a5,3991,BỆNH THẦN KINH,2,,,,,,,,,,,,,,,,,,,,,,,,,,,,,,,,,,,,,,,,
99f95a1c-0eab-427b-b873-094a482ba061,1086,THUỐC XỊT MŨI,2,,,,,,,,,,,,,,,,,,,,,,,,,,,,,,,,,,,,,,,,
b27583b2-8383-f167-159b-3a1c404ba1bf,3956,THUỐC GIẢM CÂN,2,,,,,,,,,,,,,,,,,,,,,,,,,,,,,,,,,,,,,,,,
56fa117b-4d5c-4f4a-9b48-20d16d6c236e,838,DỤNG CỤ Y TẾ,2,,,,,,,,,,,,,,,,,,,,,,,,,,,,,,,,,,,,,,,,
e8ef77f3-d208-41f6-8441-c03eeaa27a39,3796,MÁY ĐO HUYẾT ÁP,2,,,,,,,,,,,,,,,,,,,,,,,,,,,,,,,,,,,,,,,,
dd8b55fc-14d9-3c2a-ae31-3a1d47b5ea1c,3980,Chức năng Thận,2,,,,,,,,,,,,,,,,,,,,,,,,,,,,,,,,,,,,,,,,
734877d8-394d-4bc7-975a-ae996accd3d4,1093,THUỐC PHUN XỊT,2,,,,,,,,,,,,,,,,,,,,,,,,,,,,,,,,,,,,,,,,
d9445ce8-c228-482c-bfbf-446f15c25c2e,873,THUỐC GIẢM ĐAU KHÁNG VIÊM,2,,,,,,,,,,,,,,,,,,,,,,,,,,,,,,,,,,,,,,,,
21c333b8-3373-4725-9c5c-646e7fb1959d,3811,BAO CAO SU,2,,,,,,,,,,,,,,,,,,,,,,,,,,,,,,,,,,,,,,,,
6c9728f7-f7ed-43cf-9488-0a9d1a280626,3886,ROTA VIRUS,2,,,,,,,,,,,,,,,,,,,,,,,,,,,,,,,,,,,,,,,,
5363c911-a247-49c3-94df-49f004f12404,3798,MÁY TẠO OXY,2,,,,,,,,,,,,,,,,,,,,,,,,,,,,,,,,,,,,,,,,
be6a5938-f389-4b59-b715-21759c711f8d,1011,CHĂM SÓC CÁ NHÂN,2,,,,,,,,,,,,,,,,,,,,,,,,,,,,,,,,,,,,,,,,
ce3c0fec-af06-4eb6-af09-cc112d4d94e9,822,BĂNG,2,,,,,,,,,,,,,,,,,,,,,,,,,,,,,,,,,,,,,,,,
451d904e-9f0d-ebba-df93-3a12b716e56d,3925,HUYẾT THANH KHÁNG DẠI,2,,,,,,,,,,,,,,,,,,,,,,,,,,,,,,,,,,,,,,,,
1f92769e-af61-d82d-9b05-3a0fe62314e3,3917,UỐN VÁN,2,,,,,,,,,,,,,,,,,,,,,,,,,,,,,,,,,,,,,,,,
324cbde9-7197-4501-90f1-8833d95484d0,887,THUỐC TAI MŨI HỌNG,2,,,,,,,,,,,,,,,,,,,,,,,,,,,,,,,,,,,,,,,,
8321eb6f-3213-825d-b8b2-3a1d37149151,3959,BỆNH TRUYỀN NHIỄM,2,,,,,,,,,,,,,,,,,,,,,,,,,,,,,,,,,,,,,,,,
0937963e-0e79-4624-98c5-89f58c06ff14,829,THUỐC CHỐNG TRẦM CẢM,2,,,,,,,,,,,,,,,,,,,,,,,,,,,,,,,,,,,,,,,,
f43b8d47-b354-4cde-b2ed-3a1d47b9bb9a,3985,HUYẾT HỌC - TẾ BÀO MÁU,2,,,,,,,,,,,,,,,,,,,,,,,,,,,,,,,,,,,,,,,,
12884120-4323-43dd-8e13-cdc0f259cc4d,1082,SIRO KHÁNG SINH,2,,,,,,,,,,,,,,,,,,,,,,,,,,,,,,,,,,,,,,,,
a011f8a8-3a58-4db2-8423-8e0e5656e854,1090,THUỐC TRỊ MỤN,2,,,,,,,,,,,,,,,,,,,,,,,,,,,,,,,,,,,,,,,,
2c91291e-eb3e-45b1-393e-3a12dff3493d,3929,THUỐC ĐƯỜNG TIẾT NIỆU,2,,,,,,,,,,,,,,,,,,,,,,,,,,,,,,,,,,,,,,,,
29f894a9-4ef7-4056-b55b-a8846ac20bec,982,MỞ TỦ,2,,,,,,,,,,,,,,,,,,,,,,,,,,,,,,,,,,,,,,,,
8409407b-4185-4e9e-b710-a2605f8c6b90,1019,NHỎ MẮT,2,,,,,,,,,,,,,,,,,,,,,,,,,,,,,,,,,,,,,,,,
ab62c1ec-ef03-8cf5-449a-3a1047cb4f2e,3919,VIÊM MÀNG NÃO MÔ CẦU NHÓM B,2,,,,,,,,,,,,,,,,,,,,,,,,,,,,,,,,,,,,,,,,
fffe6cd4-674e-4494-a93b-4d195cdb3b05,1053,GAN,2,,,,,,,,,,,,,,,,,,,,,,,,,,,,,,,,,,,,,,,,
c4528061-a40b-4aac-907a-826f6c66716a,1022,KHÁC,2,,,,,,,,,,,,,,,,,,,,,,,,,,,,,,,,,,,,,,,,
fb2989d8-f522-421c-aa7a-1a5dcc8f860f,900,THUỐC TIM MẠCH HUYẾT ÁP,2,,,,,,,,,,,,,,,,,,,,,,,,,,,,,,,,,,,,,,,,
a13208b8-c2b8-c1bf-0574-3a1d37165f86,3965,YẾU TỐ VIÊM,2,,,,,,,,,,,,,,,,,,,,,,,,,,,,,,,,,,,,,,,,
4b5c2ae9-c4f9-4042-97b1-7c2ee2ce758a,3797,MÁY ĐO SPO2,2,,,,,,,,,,,,,,,,,,,,,,,,,,,,,,,,,,,,,,,,
30ca9876-70d2-478c-8d4d-c88ce1ee8d14,1015,KHÁC,2,,,,,,,,,,,,,,,,,,,,,,,,,,,,,,,,,,,,,,,,
940d7aad-db72-446b-98dc-052a285bfdd0,1036,TIM MẠCH,2,,,,,,,,,,,,,,,,,,,,,,,,,,,,,,,,,,,,,,,,
62925781-e2d2-4cb1-a741-01a4d88d3e72,1014,ĐỒ DÙNG GIA ĐÌNH,2,,,,,,,,,,,,,,,,,,,,,,,,,,,,,,,,,,,,,,,,
0a9a055b-b279-499e-9f78-f3e47cc01e18,1007,KÍNH MÁT,2,,,,,,,,,,,,,,,,,,,,,,,,,,,,,,,,,,,,,,,,
31c5ef25-4328-480e-99d1-72741327c229,1055,SINH LÝ,2,,,,,,,,,,,,,,,,,,,,,,,,,,,,,,,,,,,,,,,,
a5e7edb0-a83f-434c-a309-734c59ebf0e8,1002,ĐAU BỤNG - TIÊU CHẢY,2,,,,,,,,,,,,,,,,,,,,,,,,,,,,,,,,,,,,,,,,
2040273b-cc1b-4229-9d5e-12f8c9bccab5,3882,DẠI,2,,,,,,,,,,,,,,,,,,,,,,,,,,,,,,,,,,,,,,,,
3833b8b8-38cd-b23d-c5e0-3a18fe131aee,3951,HỖ TRỢ ĐIỀU TRỊ,2,,,,,,,,,,,,,,,,,,,,,,,,,,,,,,,,,,,,,,,,
94acde88-e893-4b7a-b65a-7b1efbb75be5,881,THUỐC TRỊ SỐT RÉT,2,,,,,,,,,,,,,,,,,,,,,,,,,,,,,,,,,,,,,,,,
a554d7c8-8420-436e-8486-666f6076f46d,3889,TẢ,2,,,,,,,,,,,,,,,,,,,,,,,,,,,,,,,,,,,,,,,,
5c5f5156-be00-499d-bf4a-f5fef2486f0d,865,THUỐC KHÁNG SINH,2,,,,,,,,,,,,,,,,,,,,,,,,,,,,,,,,,,,,,,,,
ebe05cc2-3ebd-e24f-4bc1-3a18fe122e5e,3946,CHĂM SÓC MẮT,2,,,,,,,,,,,,,,,,,,,,,,,,,,,,,,,,,,,,,,,,
f61ff69b-36dc-4cdd-a0f1-4fc5f65a8859,1092,THUỐC ĐIỀU HÒA KINH NGUYỆT,2,,,,,,,,,,,,,,,,,,,,,,,,,,,,,,,,,,,,,,,,
51304f42-49fd-fcd9-6917-3a2008bcc2fb,4006,KIT TEST CÚM,2,,,,,,,,,,,,,,,,,,,,,,,,,,,,,,,,,,,,,,,,
d50a2c45-aafd-44e0-99dd-2b7c9c6a1f89,830,CỒN,2,,,,,,,,,,,,,,,,,,,,,,,,,,,,,,,,,,,,,,,,
ddd4da6c-4772-46f7-bdf9-15aa014fd116,857,"VIÊN NGẬM TRỊ HO, VIÊM HỌNG",2,,,,,,,,,,,,,,,,,,,,,,,,,,,,,,,,,,,,,,,,
4131a865-cd8c-bb67-7da0-3a1d47bb92e7,3990,CHỨC NĂNG PHỔI,2,,,,,,,,,,,,,,,,,,,,,,,,,,,,,,,,,,,,,,,,
108f963a-9db8-406e-84ac-65e7be5ef36c,1125,CẤP CỨU GIẢI ĐỘC,2,,,,,,,,,,,,,,,,,,,,,,,,,,,,,,,,,,,,,,,,
20f38817-8ee0-40a5-a051-50fbaa4cd9d8,1080,SIRO TRỊ HO CẢM,2,,,,,,,,,,,,,,,,,,,,,,,,,,,,,,,,,,,,,,,,
46ed7614-ea27-4695-b739-c593c3d6b596,3870,Vật Phẩm Khuyến Mãi,2,,,,,,,,,,,,,,,,,,,,,,,,,,,,,,,,,,,,,,,,
abc11ad9-53b1-4611-8d01-fd257070479a,876,THUỐC TRỊ RỐI LOẠN CƯƠNG DƯƠNG,2,,,,,,,,,,,,,,,,,,,,,,,,,,,,,,,,,,,,,,,,
9552f203-8c11-49b3-9d38-7ba596c7efac,872,THUỐC NỘI TIẾT TỐ,2,,,,,,,,,,,,,,,,,,,,,,,,,,,,,,,,,,,,,,,,
f27b72c5-9625-4a1a-bea0-5443e4de7f1b,3881,CÚM,2,,,,,,,,,,,,,,,,,,,,,,,,,,,,,,,,,,,,,,,,
4272062e-853a-443a-8c63-fae1cee2a6bf,850,THUỐC TRỊ GIUN SÁN,2,,,,,,,,,,,,,,,,,,,,,,,,,,,,,,,,,,,,,,,,
667534b4-d1c8-4abf-bb69-2789d121320c,1000,ĐAU NHỨC XƯƠNG KHỚP,2,,,,,,,,,,,,,,,,,,,,,,,,,,,,,,,,,,,,,,,,
7ac8b1e6-94e6-4a3b-969f-b26fe0d75039,811,TRANG THIẾT BỊ Y TẾ,1,,,,,,,,,,,,,,,,,,,,,,,,,,,,,,,,,,,,,,,,
bee503e0-02a0-4033-87a3-130afe301dcd,3902,VIÊM NÃO NHẬT BẢN THẾ HỆ MỚI,2,,,,,,,,,,,,,,,,,,,,,,,,,,,,,,,,,,,,,,,,
cf00ce97-736b-4e49-a8c6-f36447886ef4,1094,THUỐC ĐẶT HẬU MÔN,2,,,,,,,,,,,,,,,,,,,,,,,,,,,,,,,,,,,,,,,,
cf91f9df-8eb6-e34e-2aaf-3a1d47b97895,3984,NGUY CƠ UNG THƯ,2,,,,,,,,,,,,,,,,,,,,,,,,,,,,,,,,,,,,,,,,
5ee4c08a-793e-4f0a-8cfd-222171a2f65b,1111,THUỐC HỖ TRỢ CAI NGHIỆN MA TÚY,2,,,,,,,,,,,,,,,,,,,,,,,,,,,,,,,,,,,,,,,,
a33a7338-81c3-4933-b05e-9ec82c81e61b,3887,SỞI,2,,,,,,,,,,,,,,,,,,,,,,,,,,,,,,,,,,,,,,,,
b4007ef9-142a-47b1-832b-c8bb4562f77f,846,THUỐC TRỊ MỠ MÁU,2,,,,,,,,,,,,,,,,,,,,,,,,,,,,,,,,,,,,,,,,
b992dace-9e59-4f49-9e20-2b5b9e1d6cf4,913,CAO XOA,2,,,,,,,,,,,,,,,,,,,,,,,,,,,,,,,,,,,,,,,,
daee1ff3-fd71-a019-149b-3a114cf4b120,3920,"BẠCH HẦU, HO GÀ, UỐN VÁN",2,,,,,,,,,,,,,,,,,,,,,,,,,,,,,,,,,,,,,,,,
2db7d729-172a-4979-a871-7e485f589871,3883,DỊCH VỤ TIÊM CHỦNG,2,,,,,,,,,,,,,,,,,,,,,,,,,,,,,,,,,,,,,,,,
933a4886-dc44-414a-b276-5f0a58ed8dee,866,THUỐC KHÁNG VIÊM,2,,,,,,,,,,,,,,,,,,,,,,,,,,,,,,,,,,,,,,,,
a7229127-ba9f-740b-effd-3a126f3b2f50,3924,UNG THƯ DO HPV 9 CHỦNG,2,,,,,,,,,,,,,,,,,,,,,,,,,,,,,,,,,,,,,,,,
4aed935a-f54a-4c78-b533-478b5eb5f418,3849,HÀNH CHÍNH,2,,,,,,,,,,,,,,,,,,,,,,,,,,,,,,,,,,,,,,,,
5712403c-2d68-4099-8111-9c3ac356068a,1006,TRÒNG KÍNH,2,,,,,,,,,,,,,,,,,,,,,,,,,,,,,,,,,,,,,,,,
95dcc4f2-0111-83f0-e0f9-3a1d1216aed0,3958,DỊCH VỤ XÉT NGHIỆM,2,,,,,,,,,,,,,,,,,,,,,,,,,,,,,,,,,,,,,,,,
6cd31c1e-86aa-4766-5c86-3a0eed71985e,3905,UỐN VÁN HẤP PHỤ (TT),2,,,,,,,,,,,,,,,,,,,,,,,,,,,,,,,,,,,,,,,,
a993ef5b-37f5-49db-89ba-9314e4e8148a,868,MÁY CÁC LOẠI,2,,,,,,,,,,,,,,,,,,,,,,,,,,,,,,,,,,,,,,,,
ad118548-55c7-4905-8697-405295bcfd84,1001,CẢM - HO KHAN,2,,,,,,,,,,,,,,,,,,,,,,,,,,,,,,,,,,,,,,,,
e1fc1c60-8d78-4673-a02c-92739eebd453,1024,THUỐC NHỎ MẮT,2,,,,,,,,,,,,,,,,,,,,,,,,,,,,,,,,,,,,,,,,
4396ee3f-8821-9c5b-c36e-3a1d47b5269c,3979,Chức năng Gan,2,,,,,,,,,,,,,,,,,,,,,,,,,,,,,,,,,,,,,,,,
371c386a-ce04-4e40-8a1b-a97bbba94f82,3896,VIÊM GAN B,2,,,,,,,,,,,,,,,,,,,,,,,,,,,,,,,,,,,,,,,,
ab0ae57d-2fd7-fe81-e693-3a19084111c6,3952,CÂN ĐIỆN TỬ,2,,,,,,,,,,,,,,,,,,,,,,,,,,,,,,,,,,,,,,,,
5b7e6f9e-83ef-43fd-80a1-c032e2e1fbc2,909,THUỐC XƯƠNG KHỚP,2,,,,,,,,,,,,,,,,,,,,,,,,,,,,,,,,,,,,,,,,
b00288d6-879f-42a7-ab05-3a1908e7da87,3953,CHĂM SÓC RĂNG MIỆNG,2,,,,,,,,,,,,,,,,,,,,,,,,,,,,,,,,,,,,,,,,
bc3583be-1072-cf25-63c5-3a12d46fda20,3927,SỐT XUẤT HUYẾT,2,,,,,,,,,,,,,,,,,,,,,,,,,,,,,,,,,,,,,,,,
10d1cafc-8a9d-48ea-8e74-757d221b6912,834,THUỐC TRỊ ĐAU NỬA ĐẦU,2,,,,,,,,,,,,,,,,,,,,,,,,,,,,,,,,,,,,,,,,
32e65484-d2b0-1315-5685-3a0fe5d2ed0d,3906,3 TRONG 1,2,,,,,,,,,,,,,,,,,,,,,,,,,,,,,,,,,,,,,,,,
33cc6aec-1119-4a3d-9951-bf7a42035837,1041,MỠ MÁU,2,,,,,,,,,,,,,,,,,,,,,,,,,,,,,,,,,,,,,,,,
1c7e9e3d-2d56-4d1e-8d77-4c0a46beef93,1054,THẦN KINH NÃO,2,,,,,,,,,,,,,,,,,,,,,,,,,,,,,,,,,,,,,,,,
71ee119e-acff-4a00-86cc-57239f33ee56,3852,KIT TEST COVID,2,,,,,,,,,,,,,,,,,,,,,,,,,,,,,,,,,,,,,,,,
bb05d72a-ac51-49be-a458-e09011893a79,1087,SIRO TRỊ SỔ MŨI,2,,,,,,,,,,,,,,,,,,,,,,,,,,,,,,,,,,,,,,,,
67fd35bd-07c3-e169-72de-3a1d0345cf54,3957,XÉT NGHIỆM,1,,,,,,,,,,,,,,,,,,,,,,,,,,,,,,,,,,,,,,,,
87fed1a5-f754-e214-306e-3a1ea46aaf61,4000,NÃO MÔ CẦU AC,2,,,,,,,,,,,,,,,,,,,,,,,,,,,,,,,,,,,,,,,,
7bc724bd-a2b8-4629-a045-a3e2b65d4917,3845,HÀNG TẶNG,2,,,,,,,,,,,,,,,,,,,,,,,,,,,,,,,,,,,,,,,,
fba1a074-2e95-4bb6-a34e-e936b2a562ea,818,TÀI SẢN,1,,,,,,,,,,,,,,,,,,,,,,,,,,,,,,,,,,,,,,,,
6cead262-78e8-43e5-860e-6885d084d49a,3878,BẠCH HẦU – UỐN VÁN – HO GÀ,2,,,,,,,,,,,,,,,,,,,,,,,,,,,,,,,,,,,,,,,,
7f815854-992e-3552-781f-3a14b37b6a82,3937,BÀN CHẢI ĐIỆN,2,,,,,,,,,,,,,,,,,,,,,,,,,,,,,,,,,,,,,,,,
b157a7f2-9c4b-4ffc-84db-50f26fc42261,3901,VIÊM NÃO NHẬT BẢN,2,,,,,,,,,,,,,,,,,,,,,,,,,,,,,,,,,,,,,,,,
d0e4cd28-e97b-43c1-8555-93772d7f668e,1056,HÔ HẤP XOANG,2,,,,,,,,,,,,,,,,,,,,,,,,,,,,,,,,,,,,,,,,
05bb364e-9138-4692-8bb6-1e0d7b98f176,1102,THUỐC NHỎ TAI,2,,,,,,,,,,,,,,,,,,,,,,,,,,,,,,,,,,,,,,,,
16269929-bfa1-4404-97f9-f300ef70cf8e,862,THUỐC CHỐNG DỊ ỨNG,2,,,,,,,,,,,,,,,,,,,,,,,,,,,,,,,,,,,,,,,,
39c24ad6-6b0f-4413-a140-9bb7d336ebe4,3888,SỞI – QUAI BỊ – RUBELLA,2,,,,,,,,,,,,,,,,,,,,,,,,,,,,,,,,,,,,,,,,
3a2a3801-d2e8-4cc9-ac0f-7c4ccd6c08db,3873,PHÍ CÁC LOẠI,2,,,,,,,,,,,,,,,,,,,,,,,,,,,,,,,,,,,,,,,,
843571fa-7f4f-e529-82ca-3a0fe6248638,3918,HUYẾT THANH UỐN VÁN,2,,,,,,,,,,,,,,,,,,,,,,,,,,,,,,,,,,,,,,,,
ba93db1b-6ef4-4330-a2da-50736b6527bd,984,TRANG THIẾT BỊ,2,,,,,,,,,,,,,,,,,,,,,,,,,,,,,,,,,,,,,,,,
dd7332aa-28b6-47c1-a209-cf363a7bb091,835,DỊCH TRUYỀN,2,,,,,,,,,,,,,,,,,,,,,,,,,,,,,,,,,,,,,,,,
e46bce8c-2f4d-408b-8594-6bca3d1fff49,3806,THUỐC CAI RƯỢU,2,,,,,,,,,,,,,,,,,,,,,,,,,,,,,,,,,,,,,,,,
,,,,,,,,,,,,,,,,,,,,,,,,,,,,,,,,,,,,,,,,,,,
,,,,,,,,,,,,,,,,,,,,,,,,,,,,,,,,,,,,,,,,,,,
,,,,,,,,,,,,,,,,,,,,,,,,,,,,,,,,,,,,,,,,,,,
,,,,,,,,,,,,,,,,,,,,,,,,,,,,,,,,,,,,,,,,,,,
,,,,,,,,,,,,,,,,,,,,,,,,,,,,,,,,,,,,,,,,,,,
,,,,,,,,,,,,,,,,,,,,,,,,,,,,,,,,,,,,,,,,,,,
,,,,,,,,,,,,,,,,,,,,,,,,,,,,,,,,,,,,,,,,,,,
,,,,,,,,,,,,,,,,,,,,,,,,,,,,,,,,,,,,,,,,,,,
,,,,,,,,,,,,,,,,,,,,,,,,,,,,,,,,,,,,,,,,,,,
,,,,,,,,,,,,,,,,,,,,,,,,,,,,,,,,,,,,,,,,,,,
,,,,,,,,,,,,,,,,,,,,,,,,,,,,,,,,,,,,,,,,,,,
,,,,,,,,,,,,,,,,,,,,,,,,,,,,,,,,,,,,,,,,,,,
,,,,,,,,,,,,,,,,,,,,,,,,,,,,,,,,,,,,,,,,,,,
,,,,,,,,,,,,,,,,,,,,,,,,,,,,,,,,,,,,,,,,,,,
,,,,,,,,,,,,,,,,,,,,,,,,,,,,,,,,,,,,,,,,,,,
,,,,,,,,,,,,,,,,,,,,,,,,,,,,,,,,,,,,,,,,,,,
,,,,,,,,,,,,,,,,,,,,,,,,,,,,,,,,,,,,,,,,,,,
,,,,,,,,,,,,,,,,,,,,,,,,,,,,,,,,,,,,,,,,,,,
,,,,,,,,,,,,,,,,,,,,,,,,,,,,,,,,,,,,,,,,,,,
,,,,,,,,,,,,,,,,,,,,,,,,,,,,,,,,,,,,,,,,,,,
,,,,,,,,,,,,,,,,,,,,,,,,,,,,,,,,,,,,,,,,,,,
,,,,,,,,,,,,,,,,,,,,,,,,,,,,,,,,,,,,,,,,,,,
,,,,,,,,,,,,,,,,,,,,,,,,,,,,,,,,,,,,,,,,,,,
,,,,,,,,,,,,,,,,,,,,,,,,,,,,,,,,,,,,,,,,,,,
,,,,,,,,,,,,,,,,,,,,,,,,,,,,,,,,,,,,,,,,,,,
,,,,,,,,,,,,,,,,,,,,,,,,,,,,,,,,,,,,,,,,,,,
,,,,,,,,,,,,,,,,,,,,,,,,,,,,,,,,,,,,,,,,,,,
,,,,,,,,,,,,,,,,,,,,,,,,,,,,,,,,,,,,,,,,,,,
,,,,,,,,,,,,,,,,,,,,,,,,,,,,,,,,,,,,,,,,,,,
,,,,,,,,,,,,,,,,,,,,,,,,,,,,,,,,,,,,,,,,,,,
,,,,,,,,,,,,,,,,,,,,,,,,,,,,,,,,,,,,,,,,,,,
,,,,,,,,,,,,,,,,,,,,,,,,,,,,,,,,,,,,,,,,,,,
,,,,,,,,,,,,,,,,,,,,,,,,,,,,,,,,,,,,,,,,,,,
,,,,,,,,,,,,,,,,,,,,,,,,,,,,,,,,,,,,,,,,,,,
,,,,,,,,,,,,,,,,,,,,,,,,,,,,,,,,,,,,,,,,,,,
,,,,,,,,,,,,,,,,,,,,,,,,,,,,,,,,,,,,,,,,,,,
,,,,,,,,,,,,,,,,,,,,,,,,,,,,,,,,,,,,,,,,,,,
,,,,,,,,,,,,,,,,,,,,,,,,,,,,,,,,,,,,,,,,,,,
,,,,,,,,,,,,,,,,,,,,,,,,,,,,,,,,,,,,,,,,,,,
,,,,,,,,,,,,,,,,,,,,,,,,,,,,,,,,,,,,,,,,,,,
,,,,,,,,,,,,,,,,,,,,,,,,,,,,,,,,,,,,,,,,,,,
,,,,,,,,,,,,,,,,,,,,,,,,,,,,,,,,,,,,,,,,,,,
,,,,,,,,,,,,,,,,,,,,,,,,,,,,,,,,,,,,,,,,,,,
,,,,,,,,,,,,,,,,,,,,,,,,,,,,,,,,,,,,,,,,,,,
,,,,,,,,,,,,,,,,,,,,,,,,,,,,,,,,,,,,,,,,,,,
,,,,,,,,,,,,,,,,,,,,,,,,,,,,,,,,,,,,,,,,,,,
,,,,,,,,,,,,,,,,,,,,,,,,,,,,,,,,,,,,,,,,,,,
,,,,,,,,,,,,,,,,,,,,,,,,,,,,,,,,,,,,,,,,,,,
,,,,,,,,,,,,,,,,,,,,,,,,,,,,,,,,,,,,,,,,,,,
,,,,,,,,,,,,,,,,,,,,,,,,,,,,,,,,,,,,,,,,,,,
,,,,,,,,,,,,,,,,,,,,,,,,,,,,,,,,,,,,,,,,,,,
,,,,,,,,,,,,,,,,,,,,,,,,,,,,,,,,,,,,,,,,,,,
,,,,,,,,,,,,,,,,,,,,,,,,,,,,,,,,,,,,,,,,,,,
,,,,,,,,,,,,,,,,,,,,,,,,,,,,,,,,,,,,,,,,,,,
,,,,,,,,,,,,,,,,,,,,,,,,,,,,,,,,,,,,,,,,,,,
,,,,,,,,,,,,,,,,,,,,,,,,,,,,,,,,,,,,,,,,,,,
,,,,,,,,,,,,,,,,,,,,,,,,,,,,,,,,,,,,,,,,,,,
,,,,,,,,,,,,,,,,,,,,,,,,,,,,,,,,,,,,,,,,,,,
,,,,,,,,,,,,,,,,,,,,,,,,,,,,,,,,,,,,,,,,,,,
,,,,,,,,,,,,,,,,,,,,,,,,,,,,,,,,,,,,,,,,,,,
,,,,,,,,,,,,,,,,,,,,,,,,,,,,,,,,,,,,,,,,,,,
,,,,,,,,,,,,,,,,,,,,,,,,,,,,,,,,,,,,,,,,,,,
,,,,,,,,,,,,,,,,,,,,,,,,,,,,,,,,,,,,,,,,,,,
,,,,,,,,,,,,,,,,,,,,,,,,,,,,,,,,,,,,,,,,,,,
,,,,,,,,,,,,,,,,,,,,,,,,,,,,,,,,,,,,,,,,,,,
,,,,,,,,,,,,,,,,,,,,,,,,,,,,,,,,,,,,,,,,,,,
,,,,,,,,,,,,,,,,,,,,,,,,,,,,,,,,,,,,,,,,,,,
,,,,,,,,,,,,,,,,,,,,,,,,,,,,,,,,,,,,,,,,,,,
,,,,,,,,,,,,,,,,,,,,,,,,,,,,,,,,,,,,,,,,,,,
,,,,,,,,,,,,,,,,,,,,,,,,,,,,,,,,,,,,,,,,,,,
,,,,,,,,,,,,,,,,,,,,,,,,,,,,,,,,,,,,,,,,,,,
,,,,,,,,,,,,,,,,,,,,,,,,,,,,,,,,,,,,,,,,,,,
,,,,,,,,,,,,,,,,,,,,,,,,,,,,,,,,,,,,,,,,,,,
,,,,,,,,,,,,,,,,,,,,,,,,,,,,,,,,,,,,,,,,,,,
,,,,,,,,,,,,,,,,,,,,,,,,,,,,,,,,,,,,,,,,,,,
,,,,,,,,,,,,,,,,,,,,,,,,,,,,,,,,,,,,,,,,,,,
,,,,,,,,,,,,,,,,,,,,,,,,,,,,,,,,,,,,,,,,,,,
,,,,,,,,,,,,,,,,,,,,,,,,,,,,,,,,,,,,,,,,,,,
,,,,,,,,,,,,,,,,,,,,,,,,,,,,,,,,,,,,,,,,,,,
,,,,,,,,,,,,,,,,,,,,,,,,,,,,,,,,,,,,,,,,,,,
,,,,,,,,,,,,,,,,,,,,,,,,,,,,,,,,,,,,,,,,,,,
,,,,,,,,,,,,,,,,,,,,,,,,,,,,,,,,,,,,,,,,,,,
,,,,,,,,,,,,,,,,,,,,,,,,,,,,,,,,,,,,,,,,,,,
,,,,,,,,,,,,,,,,,,,,,,,,,,,,,,,,,,,,,,,,,,,
,,,,,,,,,,,,,,,,,,,,,,,,,,,,,,,,,,,,,,,,,,,
,,,,,,,,,,,,,,,,,,,,,,,,,,,,,,,,,,,,,,,,,,,
,,,,,,,,,,,,,,,,,,,,,,,,,,,,,,,,,,,,,,,,,,,
,,,,,,,,,,,,,,,,,,,,,,,,,,,,,,,,,,,,,,,,,,,
,,,,,,,,,,,,,,,,,,,,,,,,,,,,,,,,,,,,,,,,,,,
,,,,,,,,,,,,,,,,,,,,,,,,,,,,,,,,,,,,,,,,,,,
,,,,,,,,,,,,,,,,,,,,,,,,,,,,,,,,,,,,,,,,,,,
,,,,,,,,,,,,,,,,,,,,,,,,,,,,,,,,,,,,,,,,,,,
,,,,,,,,,,,,,,,,,,,,,,,,,,,,,,,,,,,,,,,,,,,
,,,,,,,,,,,,,,,,,,,,,,,,,,,,,,,,,,,,,,,,,,,
,,,,,,,,,,,,,,,,,,,,,,,,,,,,,,,,,,,,,,,,,,,
,,,,,,,,,,,,,,,,,,,,,,,,,,,,,,,,,,,,,,,,,,,
,,,,,,,,,,,,,,,,,,,,,,,,,,,,,,,,,,,,,,,,,,,
,,,,,,,,,,,,,,,,,,,,,,,,,,,,,,,,,,,,,,,,,,,
,,,,,,,,,,,,,,,,,,,,,,,,,,,,,,,,,,,,,,,,,,,
,,,,,,,,,,,,,,,,,,,,,,,,,,,,,,,,,,,,,,,,,,,
,,,,,,,,,,,,,,,,,,,,,,,,,,,,,,,,,,,,,,,,,,,
,,,,,,,,,,,,,,,,,,,,,,,,,,,,,,,,,,,,,,,,,,,
,,,,,,,,,,,,,,,,,,,,,,,,,,,,,,,,,,,,,,,,,,,
,,,,,,,,,,,,,,,,,,,,,,,,,,,,,,,,,,,,,,,,,,,
,,,,,,,,,,,,,,,,,,,,,,,,,,,,,,,,,,,,,,,,,,,
,,,,,,,,,,,,,,,,,,,,,,,,,,,,,,,,,,,,,,,,,,,
,,,,,,,,,,,,,,,,,,,,,,,,,,,,,,,,,,,,,,,,,,,
,,,,,,,,,,,,,,,,,,,,,,,,,,,,,,,,,,,,,,,,,,,
,,,,,,,,,,,,,,,,,,,,,,,,,,,,,,,,,,,,,,,,,,,
,,,,,,,,,,,,,,,,,,,,,,,,,,,,,,,,,,,,,,,,,,,
,,,,,,,,,,,,,,,,,,,,,,,,,,,,,,,,,,,,,,,,,,,
,,,,,,,,,,,,,,,,,,,,,,,,,,,,,,,,,,,,,,,,,,,
,,,,,,,,,,,,,,,,,,,,,,,,,,,,,,,,,,,,,,,,,,,
,,,,,,,,,,,,,,,,,,,,,,,,,,,,,,,,,,,,,,,,,,,
,,,,,,,,,,,,,,,,,,,,,,,,,,,,,,,,,,,,,,,,,,,
,,,,,,,,,,,,,,,,,,,,,,,,,,,,,,,,,,,,,,,,,,,
,,,,,,,,,,,,,,,,,,,,,,,,,,,,,,,,,,,,,,,,,,,
,,,,,,,,,,,,,,,,,,,,,,,,,,,,,,,,,,,,,,,,,,,
,,,,,,,,,,,,,,,,,,,,,,,,,,,,,,,,,,,,,,,,,,,
,,,,,,,,,,,,,,,,,,,,,,,,,,,,,,,,,,,,,,,,,,,
,,,,,,,,,,,,,,,,,,,,,,,,,,,,,,,,,,,,,,,,,,,
,,,,,,,,,,,,,,,,,,,,,,,,,,,,,,,,,,,,,,,,,,,
,,,,,,,,,,,,,,,,,,,,,,,,,,,,,,,,,,,,,,,,,,,
,,,,,,,,,,,,,,,,,,,,,,,,,,,,,,,,,,,,,,,,,,,
,,,,,,,,,,,,,,,,,,,,,,,,,,,,,,,,,,,,,,,,,,,
,,,,,,,,,,,,,,,,,,,,,,,,,,,,,,,,,,,,,,,,,,,
,,,,,,,,,,,,,,,,,,,,,,,,,,,,,,,,,,,,,,,,,,,
,,,,,,,,,,,,,,,,,,,,,,,,,,,,,,,,,,,,,,,,,,,
,,,,,,,,,,,,,,,,,,,,,,,,,,,,,,,,,,,,,,,,,,,
,,,,,,,,,,,,,,,,,,,,,,,,,,,,,,,,,,,,,,,,,,,
,,,,,,,,,,,,,,,,,,,,,,,,,,,,,,,,,,,,,,,,,,,
,,,,,,,,,,,,,,,,,,,,,,,,,,,,,,,,,,,,,,,,,,,
,,,,,,,,,,,,,,,,,,,,,,,,,,,,,,,,,,,,,,,,,,,
,,,,,,,,,,,,,,,,,,,,,,,,,,,,,,,,,,,,,,,,,,,
,,,,,,,,,,,,,,,,,,,,,,,,,,,,,,,,,,,,,,,,,,,
,,,,,,,,,,,,,,,,,,,,,,,,,,,,,,,,,,,,,,,,,,,
,,,,,,,,,,,,,,,,,,,,,,,,,,,,,,,,,,,,,,,,,,,
,,,,,,,,,,,,,,,,,,,,,,,,,,,,,,,,,,,,,,,,,,,
,,,,,,,,,,,,,,,,,,,,,,,,,,,,,,,,,,,,,,,,,,,
,,,,,,,,,,,,,,,,,,,,,,,,,,,,,,,,,,,,,,,,,,,
,,,,,,,,,,,,,,,,,,,,,,,,,,,,,,,,,,,,,,,,,,,
,,,,,,,,,,,,,,,,,,,,,,,,,,,,,,,,,,,,,,,,,,,
,,,,,,,,,,,,,,,,,,,,,,,,,,,,,,,,,,,,,,,,,,,
,,,,,,,,,,,,,,,,,,,,,,,,,,,,,,,,,,,,,,,,,,,
,,,,,,,,,,,,,,,,,,,,,,,,,,,,,,,,,,,,,,,,,,,
,,,,,,,,,,,,,,,,,,,,,,,,,,,,,,,,,,,,,,,,,,,
,,,,,,,,,,,,,,,,,,,,,,,,,,,,,,,,,,,,,,,,,,,
,,,,,,,,,,,,,,,,,,,,,,,,,,,,,,,,,,,,,,,,,,,
,,,,,,,,,,,,,,,,,,,,,,,,,,,,,,,,,,,,,,,,,,,
,,,,,,,,,,,,,,,,,,,,,,,,,,,,,,,,,,,,,,,,,,,
,,,,,,,,,,,,,,,,,,,,,,,,,,,,,,,,,,,,,,,,,,,
,,,,,,,,,,,,,,,,,,,,,,,,,,,,,,,,,,,,,,,,,,,
,,,,,,,,,,,,,,,,,,,,,,,,,,,,,,,,,,,,,,,,,,,
,,,,,,,,,,,,,,,,,,,,,,,,,,,,,,,,,,,,,,,,,,,
,,,,,,,,,,,,,,,,,,,,,,,,,,,,,,,,,,,,,,,,,,,
,,,,,,,,,,,,,,,,,,,,,,,,,,,,,,,,,,,,,,,,,,,
,,,,,,,,,,,,,,,,,,,,,,,,,,,,,,,,,,,,,,,,,,,
,,,,,,,,,,,,,,,,,,,,,,,,,,,,,,,,,,,,,,,,,,,
,,,,,,,,,,,,,,,,,,,,,,,,,,,,,,,,,,,,,,,,,,,
,,,,,,,,,,,,,,,,,,,,,,,,,,,,,,,,,,,,,,,,,,,
,,,,,,,,,,,,,,,,,,,,,,,,,,,,,,,,,,,,,,,,,,,
,,,,,,,,,,,,,,,,,,,,,,,,,,,,,,,,,,,,,,,,,,,
,,,,,,,,,,,,,,,,,,,,,,,,,,,,,,,,,,,,,,,,,,,
,,,,,,,,,,,,,,,,,,,,,,,,,,,,,,,,,,,,,,,,,,,
,,,,,,,,,,,,,,,,,,,,,,,,,,,,,,,,,,,,,,,,,,,
,,,,,,,,,,,,,,,,,,,,,,,,,,,,,,,,,,,,,,,,,,,
,,,,,,,,,,,,,,,,,,,,,,,,,,,,,,,,,,,,,,,,,,,
,,,,,,,,,,,,,,,,,,,,,,,,,,,,,,,,,,,,,,,,,,,
,,,,,,,,,,,,,,,,,,,,,,,,,,,,,,,,,,,,,,,,,,,
,,,,,,,,,,,,,,,,,,,,,,,,,,,,,,,,,,,,,,,,,,,
,,,,,,,,,,,,,,,,,,,,,,,,,,,,,,,,,,,,,,,,,,,
,,,,,,,,,,,,,,,,,,,,,,,,,,,,,,,,,,,,,,,,,,,
,,,,,,,,,,,,,,,,,,,,,,,,,,,,,,,,,,,,,,,,,,,
,,,,,,,,,,,,,,,,,,,,,,,,,,,,,,,,,,,,,,,,,,,
,,,,,,,,,,,,,,,,,,,,,,,,,,,,,,,,,,,,,,,,,,,
,,,,,,,,,,,,,,,,,,,,,,,,,,,,,,,,,,,,,,,,,,,
,,,,,,,,,,,,,,,,,,,,,,,,,,,,,,,,,,,,,,,,,,,
,,,,,,,,,,,,,,,,,,,,,,,,,,,,,,,,,,,,,,,,,,,
,,,,,,,,,,,,,,,,,,,,,,,,,,,,,,,,,,,,,,,,,,,
,,,,,,,,,,,,,,,,,,,,,,,,,,,,,,,,,,,,,,,,,,,
