No,TableName,ColumnName,ColumnDescription
1,dim_shop,code,Mă shop/c?a hŕng (??nh danh n?i b?)
2,dim_shop,shop_type,Nhóm/lo?i shop (ví d?: VACCINE)
3,dim_shop,region_insurance,Mă vůng b?o hi?m
4,dim_shop,legal_entity,Mă pháp nhân
5,dim_shop,regulated_ward,Mă ph??ng/xă sau sát nh?p
6,dim_shop,regulated_province,Mă t?nh/thŕnh sau sát nh?p
7,dim_shop,district,Mă qu?n/huy?n (theo h? th?ng n?i b?/master data)
8,dim_shop,ward,Mă ph??ng/xă (theo h? th?ng n?i b?/master data)
9,dim_shop,region,Mă vůng/mi?n (region)
10,dim_shop,area,Mă khu v?c/??n v? vůng nh? h?n (area)
11,dim_shop,province,Mă t?nh/thŕnh (theo h? th?ng n?i b?/master data)
12,dim_shop,name,Tęn ??y ?? c?a shop
13,dim_shop,pw_dqg,M?t kh?u/khóa truy c?p DQG (n?u có)
14,dim_shop,acc_dqg,Tŕi kho?n/username DQG (n?u có)
15,dim_shop,status,Tr?ng thái ho?t ??ng (TRUE/FALSE)
16,dim_shop,address,??a ch? ??y ?? (d?ng hi?n th?/ghi nh?n n?i b?)
17,dim_shop,code_dqg,Mă shop tręn h? th?ng DQG (n?u có)
18,dim_shop,ip_phone,IP/thi?t b? ?i?n tho?i (VoIP/IP phone) c?a shop (n?u có)
19,dim_shop,shop_scope,Ph?m vi shop (mă phân lo?i scope v?n hŕnh)
20,dim_shop,short_name,Tęn vi?t t?t/mă t?t důng n?i b?
21,dim_shop,name_on_bill,Tęn in tręn hóa ??n/ch?ng t?
22,dim_shop,cash_account,S? tŕi kho?n qu?/thu ti?n (cash account)
23,dim_shop,shop_code_hub,Mă shop tręn hub/tích h?p (integration hub)
24,dim_shop,ware_house_ho,Mă kho HO (kho t?ng/c?p phát) g?n v?i shop
25,dim_shop,region_inside,Mă vůng n?i b? (phân vůng qu?n tr? n?i b?)
26,dim_shop,short_address,??a ch? rút g?n
27,dim_shop,province_inside,Mă t?nh n?i b? (mapping qu?n tr? n?i b?)
28,dim_shop,warehouse_ho_mrp,Mă kho HO důng cho MRP/ho?ch ??nh (n?u tách rięng)
29,dim_shop,cash_account_name,Tęn tŕi kho?n qu?/thu ti?n
30,dim_shop,grand_opening_date,Ngŕy khai tr??ng chính th?c
31,dim_shop,opening_date,Ngŕy b?t ??u ho?t ??ng/m? bán
32,dim_shop,regulated_address,??a ch? sau sát nh?p
33,dim_shop,regulated_short_address,??a ch? rút g?n sau sát nh?p
34,dim_shop,closing_date,Ngŕy ?óng c?a/ng?ng ho?t ??ng
35,dim_shop,ware_house_ho_vac,Mă kho HO ph?c v? vaccine (n?u tách kho)
36,dim_shop,province_name,Tęn t?nh/thŕnh
37,dim_shop,area_name,Tęn khu v?c (area)
38,dim_shop,region_name,Tęn vůng/mi?n (region)
39,dim_shop,ward_name,Tęn ph??ng/xă
40,dim_shop,district_name,Tęn qu?n/huy?n
41,dim_shop,longitude,Kinh ??
42,dim_shop,latitude,V? ??
43,dim_shop,coordinate,"T?a ?? d?ng chu?i “long, lat”"
44,dim_shop,region_type_code,Mă lo?i vůng/chu?i (region type)
45,dim_shop,region_type_name,Tęn lo?i vůng/chu?i
46,dim_shop,regulated_province_name,Tęn t?nh/thŕnh sau sát nh?p
47,dim_shop,regulated_ward_name,Tęn ph??ng/xă sau sát nh?p
48,dim_shop,legal_entity_name,Tęn pháp nhân
49,dim_shop,tax_code,Mă s? thu? c?a pháp nhân/shop
50,dim_shop,region_insurance_name,Tęn vůng b?o hi?m
51,dim_shop,shop_type_name,Tęn lo?i shop (hi?n th?)
52,dim_shop,asm_code,Mă ASM ph? trách
53,dim_shop,rsm_code,Mă RSM ph? trách
54,dim_shop,rsm_name,Tęn RSM ph? trách
55,dim_shop,asm_name,Tęn ASM ph? trách
56,dim_shop,asm_email,Email ASM ph? trách
57,dim_shop,etl_date,Th?i ?i?m ETL/load d? li?u (d?u th?i gian)
58,dim_shop,tenant,Tenant/môi tr??ng d? li?u
59,dim_satellite_shop,id,Khóa ??nh danh b?n ghi (UUID)
60,dim_satellite_shop,shop_code_vaccine,Mă trung tâm tięm ch?ng (shop Vaccine)
61,dim_satellite_shop,shop_name_vaccine,Tęn trung tâm tięm ch?ng (shop Vaccine)
62,dim_satellite_shop,shop_code_lc,Mă shop v? tinh Long Châu (shop LC)
63,dim_satellite_shop,shop_name_lc,Tęn shop v? tinh Long Châu1 (shop LC)
64,dim_satellite_shop,shop_type,Lo?i quan h?/nhóm shop v? tinh (ví d?: VT)
65,dim_satellite_shop,status,Tr?ng thái hi?u l?c/?ang áp d?ng (TRUE/FALSE)
66,dim_satellite_shop,effective_from_date,Ngŕy b?t ??u lięn k?t shop v? tinh
67,dim_satellite_shop,effective_to_date,Ngŕy k?t thúc lięn k?t shop v? tinh
68,dim_satellite_shop,is_deleted,"Flag xóa logic (FALSE = cňn důng, TRUE = ?ă xóa)"
69,dim_satellite_shop,etl_date,Th?i ?i?m ETL/load d? li?u
70,dim_satellite_shop,etl_by,H? th?ng/ti?n trěnh th?c hi?n ETL (ví d?: DataBricks)
71,dim_satellite_shop,primary_checksum,Checksum theo khóa chính (ph?c v? ki?m tra thay ??i/??i soát)
72,dim_satellite_shop,record_checksum,Checksum toŕn b?n ghi (ph?c v? phát hi?n thay ??i n?i dung)
73,dim_vaccine_regimen,regimen_detail_id,Khóa ??nh danh chi ti?t phác ?? (UUID)
74,dim_vaccine_regimen,regimen_id,Khóa ??nh danh phác ?? (nhóm phác ??)
75,dim_vaccine_regimen,vaccine_id,ID vaccine
76,dim_vaccine_regimen,from_age,Tu?i b?t ??u áp d?ng (d?ng text)
77,dim_vaccine_regimen,to_age,Tu?i k?t thúc áp d?ng (d?ng text)
78,dim_vaccine_regimen,age_unit_code,Mă ??n v? tu?i (ví d?: 3)
79,dim_vaccine_regimen,age_unit,Tęn ??n v? tu?i (ví d?: Age)
80,dim_vaccine_regimen,from_age_number,Tu?i b?t ??u (d?ng s?)
81,dim_vaccine_regimen,to_age_number,Tu?i k?t thúc (d?ng s?)
82,dim_vaccine_regimen,schedule_type,Mô t? ??i t??ng theo tu?i (ví d?: t? 50 tu?i tr? lęn)
83,dim_vaccine_regimen,required_injections,S? m?i b?t bu?c theo phác ??
84,dim_vaccine_regimen,max_injections,S? m?i t?i ?a cho phép theo phác ??
85,dim_vaccine_regimen,unit,??n v? li?u (ví d?: ml)
86,dim_vaccine_regimen,regimen_detail_note,Ghi chú ng?n cho chi ti?t phác ??
87,dim_vaccine_regimen,dosage,Li?u l??ng m?i m?i (theo unit)
88,dim_vaccine_regimen,nearest_injection_distance,Kho?ng cách khuy?n ngh? g?n nh?t gi?a các m?i (th??ng theo ngŕy/tháng tůy h?)
89,dim_vaccine_regimen,max_distance,Kho?ng cách t?i ?a gi?a các m?i (ng??ng cho phép)
90,dim_vaccine_regimen,min_distance,Kho?ng cách t?i thi?u gi?a các m?i (ng??ng an toŕn/qui ??nh)
91,dim_vaccine_regimen,is_pregnant_regimen,Flag ?ánh d?u phác ?? cho ??i t??ng mang thai (TRUE/FALSE)
92,dim_vaccine_regimen,is_required,Flag ?ánh d?u b?t bu?c áp d?ng phác ??/chi ti?t nŕy (TRUE/FAL
93,dim_vaccine_regimen,note,"Ghi chú (l?ch tięm chi ti?t, l?u ý,...)"
94,dim_vaccine_regimen,created_at,Th?i ?i?m t?o b?n ghi
95,dim_vaccine_regimen,modified_at,Th?i ?i?m c?p nh?t b?n ghi
96,dim_vaccine_regimen,etl_date,Th?i ?i?m ETL/load d? li?u
97,dim_vaccine_regimen,etl_by,H? th?ng/ti?n trěnh ETL (ví d?: Databricks)
98,dim_vaccine_regimen,record_checksum,Checksum toŕn b?n ghi (phát hi?n thay ??i n?i dung)
99,dim_vaccine_regimen,primary_checksum,Checksum theo khóa chính (ph?c v? ??i soát/CDC)
100,dim_vaccine_disease_group,id,Khóa ??nh danh b?n ghi
101,dim_vaccine_disease_group,sku,Mă SKU/s?n ph?m c?a vaccine
102,dim_vaccine_disease_group,vaccine_id,ID vaccine
103,dim_vaccine_disease_group,vaccine_name,Tęn vaccine
104,dim_vaccine_disease_group,note,Ghi chú (n?u có)
105,dim_vaccine_disease_group,disease_group_id,Khóa ??nh danh nhóm b?nh (disease group)
106,dim_vaccine_disease_group,disease_group_name,Tęn nhóm b?nh vaccine phňng/ng?a
107,dim_vaccine_disease_group,created_at,Th?i ?i?m t?o b?n ghi
108,dim_vaccine_disease_group,modified_at,Th?i ?i?m c?p nh?t b?n ghi
109,dim_vaccine_disease_group,start_date,Ngŕy/gi? b?t ??u hi?u l?c c?a mapping (SCD)
110,dim_vaccine_disease_group,end_date,Ngŕy/gi? k?t thúc hi?u l?c c?a mapping (SCD; th??ng 9999-12-31 n?u cňn hi?u l?c)
111,dim_vaccine_disease_group,current_flag,Flag ?ánh d?u b?n ghi hi?n hŕnh (Y = hi?n hŕnh)
112,dim_vaccine_disease_group,etl_date,Th?i ?i?m ETL/load d? li?u
113,dim_vaccine_disease_group,etl_by,H? th?ng/ti?n trěnh ETL (ví d?: Databricks)
114,dim_vaccine_disease_group,scd_checksum,Checksum ph?c v? theo dői thay ??i theo SCD (l?ch s?)
115,dim_vaccine_disease_group,primary_checksum,Checksum theo khóa chính (??i soát/CDC)
116,dim_vaccine_disease_group,record_checksum,Checksum toŕn b?n ghi (phát hi?n thay ??i n?i dung)
117,dim_product,product_unit_id,ID ??n v? s?n ph?m
118,dim_product,product_id,ID s?n ph?m
119,dim_product,product_name,Tęn s?n ph?m
120,dim_product,confirm_status,Tr?ng thái xác nh?n
121,dim_product,is_active,Tr?ng thái ho?t ??ng
122,dim_product,item_code,Mă sku
123,dim_product,product_upc,UPC s?n ph?m
124,dim_product,product_industry_code,Mă ngŕnh s?n ph?m
125,dim_product,product_industry_name,Tęn ngŕnh s?n ph?m
126,dim_product,product_group_code,Mă nhóm s?n ph?m
127,dim_product,product_group_name,Tęn nhóm s?n ph?m
128,dim_product,pm,Thông tin PM
129,dim_product,is_hot,Ki?m tra lŕ s?n ph?m hot
130,dim_product,is_po,Ki?m tra lŕ s?n ph?m thu?c PO
131,dim_product,vat_output,Giá tr? VAT ??u ra
132,dim_product,vat_output_name,Tęn VAT ??u ra
133,dim_product,vat_output_rate,T? l? VAT ??u ra
134,dim_product,vat_input,Giá tr? VAT ??u vŕo
135,dim_product,vat_input_name,Tęn giá tr? VAT ??u vŕo
136,dim_product,vat_input_rate,T? l? VAT ??u vŕo
137,dim_product,supplier_code,Mă nhŕ cung c?p
138,dim_product,supplier_name,Tęn nhŕ cung c?p
139,dim_product,brand_name,Tęn th??ng hi?u
140,dim_product,unit_code_level1,Mă ??n v? m?c 1
141,dim_product,unit_name_level1,Tęn ??n v? m?c 1
142,dim_product,ratio_level1,T? l? quy ??i m?c 1
143,dim_product,unit_code_level2,Mă ??n v? m?c 2
144,dim_product,unit_name_level2,Tęn ??n v? m?c 2
145,dim_product,ratio_level2,T? l? quy ??i m?c 2
146,dim_product,unit_code_level3,Mă ??n v? m?c 3
147,dim_product,unit_name_level3,Tęn ??n v? m?c 3
148,dim_product,ratio_level3,T? l? quy ??i m?c 3
149,dim_product,smallest_unit_name,Tęn ??n v? nh? nh?t
150,dim_product,smallest_unit_code,Mă ??n v? nh? nh?t
151,dim_product,created_date,Ngŕy ???c t?o
152,dim_product,updated_date,Ngŕy c?p nh?t
153,dim_product,etl_date,Ngŕy insert insert
154,dim_product,product_industry_code_pos,Mă ngŕnh s?n ph?m POS
155,dim_product,product_group_code_pos,Mă nhóm s?n ph?m POS
156,dim_product,is_inventory_item,?ánh d?u s?n ph?m qu?n lí t?n
157,dim_product,is_combo,?ánh d?u s?n ph?m combo
158,dim_product,is_dose,?ánh d?u s?n ph?m thu?c kę ??n
159,dim_product,is_reasonname_shop,"Thu?c tính s?n ph?m (Ng?ng ??t hŕng,H?t hŕng,..)"
160,dim_product,is_chronic_disease,?ánh d?u b?nh măn tính
161,dim_product,productCategory_hcm_class,Phân lo?i hŕng bán ch?y ? HCM
162,dim_product,productCategory_hni_class,Phân lo?i hŕng bán ch?y ? HN
163,dim_product,productCategory_nwc_class,Phân lo?i hŕng bán ch?y toŕn qu?c
164,fact_vaccine_sales_order_detail,attachment_code,Mă m?i tięm
165,fact_vaccine_sales_order_detail,order_detail_id,ID chi ti?t ??n hŕng
166,fact_vaccine_sales_order_detail,order_code,Mă ??n hŕng (khóa lięn k?t header)
167,fact_vaccine_sales_order_detail,order_status,Tr?ng thái ??n (mă)
168,fact_vaccine_sales_order_detail,order_creation_date,Th?i ?i?m KH kh?i t?o ??n
169,fact_vaccine_sales_order_detail,order_completion_date,Th?i ?i?m nhân vięn/h? th?ng hoŕn t?t ??n
170,fact_vaccine_sales_order_detail,order_completed_by,Mă nhân vięn/h? th?ng hoŕn t?t ??n
171,fact_vaccine_sales_order_detail,order_type,Lo?i ??n (mă phân lo?i nghi?p v?)
172,fact_vaccine_sales_order_detail,package_type,Lo?i ??n l? hay gói
173,fact_vaccine_sales_order_detail,order_code_refer,Mă ??n tham chi?u (n?u có)
174,fact_vaccine_sales_order_detail,order_attribute,Thu?c tính ??n (mă phân lo?i b? sung)
175,fact_vaccine_sales_order_detail,order_channel,Kęnh ??t/mua hŕng
176,fact_vaccine_sales_order_detail,payment_method,Ph??ng th?c thanh toán (mă)
177,fact_vaccine_sales_order_detail,shop_code,Mă c? s?/shop phát sinh ??n
178,fact_vaccine_sales_order_detail,shop_name,Tęn c? s?/shop phát sinh ??n
179,fact_vaccine_sales_order_detail,customer_id,ID khách hŕng
180,fact_vaccine_sales_order_detail,customer_phone,S?T khách hŕng
181,fact_vaccine_sales_order_detail,lcv_id,ID khách hŕng tręn h? LC/Vaccine
182,fact_vaccine_sales_order_detail,customer_name,Tęn khách hŕng
183,fact_vaccine_sales_order_detail,shop_employee_id,Mă nhân vięn x? lý bán
184,fact_vaccine_sales_order_detail,shop_employee_name,Tęn nhân vięn x? lý bán
185,fact_vaccine_sales_order_detail,warehouse_code,Mă kho xu?t hŕng
186,fact_vaccine_sales_order_detail,warehouse_name,Tęn kho xu?t hŕng
187,fact_vaccine_sales_order_detail,service_code,Mă d?ch v? (n?u dňng lŕ d?ch v?)
188,fact_vaccine_sales_order_detail,service_name,Tęn d?ch v?
189,fact_vaccine_sales_order_detail,sku,SKU hŕng hóa/vaccine
190,fact_vaccine_sales_order_detail,line_item_name,Tęn dňng hŕng/d?ch v?
191,fact_vaccine_sales_order_detail,line_item_quantity,S? l??ng
192,fact_vaccine_sales_order_detail,line_item_price,??n giá
193,fact_vaccine_sales_order_detail,line_item_servicefee,Phí d?ch v? c?a dňng (n?u tách rięng)
194,fact_vaccine_sales_order_detail,line_item_amount,Thŕnh ti?n tr??c gi?m (th??ng = qty * price + service fee)
195,fact_vaccine_sales_order_detail,line_item_servicefee_percent,% phí d?ch v? (n?u tính theo %)
196,fact_vaccine_sales_order_detail,line_item_discount_promotion,Gi?m giá t? CTKM/promotion (ti?n)
197,fact_vaccine_sales_order_detail,line_item_discount,Gi?m giá khác/chi?t kh?u b? sung (ti?n)
198,fact_vaccine_sales_order_detail,line_item_amount_after_discount,Thŕnh ti?n sau gi?m
199,fact_vaccine_sales_order_detail,line_item_unit_code,Mă ??n v? tính
200,fact_vaccine_sales_order_detail,line_item_unit_name,Tęn ??n v? tính
201,fact_vaccine_sales_order_detail,line_item_discount_reason_code,Mă lý do gi?m giá
202,fact_vaccine_sales_order_detail,line_item_discount_reason_name,Tęn lý do gi?m giá
203,fact_vaccine_sales_order_detail,is_partial_payment,Flag ?ánh d?u thanh toán m?t ph?n
204,fact_vaccine_sales_order_detail,attachment_code_base,Mă m?i tięm c?a ??n g?c (důng ?? tham chi?u)
205,fact_vaccine_sales_order_detail,created_at,Th?i ?i?m t?o b?n ghi
206,fact_vaccine_sales_order_detail,modified_at,Th?i ?i?m c?p nh?t b?n ghi
207,fact_vaccine_sales_order_detail,is_test,Flag ?ánh d?u d? li?u test
208,fact_vaccine_sales_order_detail,etl_date,Th?i ?i?m ETL/load d? li?u
209,fact_vaccine_sales_order_detail,etl_by,H? th?ng/ti?n trěnh ETL (ví d?: Databricks)
210,fact_vaccine_sales_order_detail,primary_checksum,Checksum theo khóa chính (??i soát/CDC)
211,fact_vaccine_sales_order_detail,record_checksum,Checksum toŕn b?n ghi (phát hi?n thay ??i n?i dung)
212,fact_vaccine_sales_order_detail,order_injection,S? th? t? m?i tięm (n?u vaccine có nhi?u m?i)
213,fact_vaccine_returned_order_detail,attachment_code,Mă m?i tięm
214,fact_vaccine_returned_order_detail,return_order_detail_id,ID chi ti?t ??n tr?/hoŕn
215,fact_vaccine_returned_order_detail,return_order_code,Mă ??n tr?/hoŕn
216,fact_vaccine_returned_order_detail,return_date,Th?i ?i?m th?c hi?n tr?/hoŕn
217,fact_vaccine_returned_order_detail,order_code,Mă ??n mua
218,fact_vaccine_returned_order_detail,order_status,Tr?ng thái ??n (mă)
219,fact_vaccine_returned_order_detail,package_type,Lo?i ??n l? hay gói
220,fact_vaccine_returned_order_detail,order_code_refer,Mă ??n tham chi?u (n?u có)
221,fact_vaccine_returned_order_detail,order_attribute,Thu?c tính ??n (mă phân lo?i b? sung)
222,fact_vaccine_returned_order_detail,order_channel,Kęnh phát sinh tr?/hoŕn (mă)
223,fact_vaccine_returned_order_detail,is_partial_payment,Flag ?ánh d?u thanh toán m?t ph?n
224,fact_vaccine_returned_order_detail,shop_code,Mă c? s?/shop x? lý tr?/hoŕn
225,fact_vaccine_returned_order_detail,shop_name,Tęn c? s?/shop x? lý tr?/hoŕn
226,fact_vaccine_returned_order_detail,shop_order_code,Mă c? s?/shop phát sinh ??n bán
227,fact_vaccine_returned_order_detail,lcv_id,ID khách hŕng tręn h? LC/Vaccine
228,fact_vaccine_returned_order_detail,customer_id,ID khách hŕng
229,fact_vaccine_returned_order_detail,customer_name,Tęn khách hŕng
230,fact_vaccine_returned_order_detail,customer_phone,S?T khách hŕng
231,fact_vaccine_returned_order_detail,shop_employee_id,Mă nhân vięn x? lý tr?/hoŕn
232,fact_vaccine_returned_order_detail,shop_employee_name,Tęn nhân vięn x? lý tr?/hoŕn
233,fact_vaccine_returned_order_detail,shop_order_employee_id,Mă nhân vięn c?a ??n g?c (ng??i bán/ghi nh?n ??n)
234,fact_vaccine_returned_order_detail,warehouse_code,Mă kho nh?p tr?
235,fact_vaccine_returned_order_detail,warehouse_name,Tęn kho nh?p tr?
236,fact_vaccine_returned_order_detail,service_code,Mă d?ch v? lięn quan (n?u có)
237,fact_vaccine_returned_order_detail,service_name,Tęn d?ch v? lięn quan
238,fact_vaccine_returned_order_detail,sku,SKU hŕng hóa/vaccine ???c tr?
239,fact_vaccine_returned_order_detail,return_line_item_name,Tęn dňng hŕng/d?ch v? tr?
240,fact_vaccine_returned_order_detail,return_line_item_quantity,S? l??ng tr?
241,fact_vaccine_returned_order_detail,return_line_item_price,??n giá tr?
242,fact_vaccine_returned_order_detail,return_line_item_servicefee_percent,% phí d?ch v? c?a dňng tr?
243,fact_vaccine_returned_order_detail,return_line_item_servicefee,Phí d?ch v? c?a dňng tr?
244,fact_vaccine_returned_order_detail,return_line_item_amount,Thŕnh ti?n dňng tr? tr??c gi?m
245,fact_vaccine_returned_order_detail,return_line_item_discount_promotion,Gi?m giá CTKM phân b? cho dňng tr? (ti?n)
246,fact_vaccine_returned_order_detail,return_line_item_discount,Gi?m giá khác/chi?t kh?u b? sung (ti?n)
247,fact_vaccine_returned_order_detail,return_line_item_amount_after_discount,Thŕnh ti?n dňng tr? sau gi?m
248,fact_vaccine_returned_order_detail,attachment_code_base,Mă ?ính kčm g?c/base (n?u có)
249,fact_vaccine_returned_order_detail,created_at,Th?i ?i?m t?o b?n ghi
250,fact_vaccine_returned_order_detail,modified_at,Th?i ?i?m c?p nh?t b?n ghi
251,fact_vaccine_returned_order_detail,is_test,Flag ?ánh d?u d? li?u test
252,fact_vaccine_returned_order_detail,etl_date,Th?i ?i?m ETL/load d? li?u
253,fact_vaccine_returned_order_detail,etl_by,H? th?ng/ti?n trěnh ETL (ví d?: Databricks)
254,fact_vaccine_returned_order_detail,primary_checksum,Checksum theo khóa chính (??i soát/CDC)
255,fact_vaccine_returned_order_detail,record_checksum,Checksum toŕn b?n ghi (phát hi?n thay ??i n?i dung)
256,fact_vaccine_returned_order_detail,order_injection,S? th? t? m?i tięm (n?u vaccine có nhi?u m?i)
257,fact_vaccine_record,attachment_code,Mă m?i tięm
258,fact_vaccine_record,indication_id,ID ch? ??nh tięm (indication)
259,fact_vaccine_record,indication_note,Ghi chú ch? ??nh
260,fact_vaccine_record,indication_status,Mă tr?ng thái ch? ??nh
261,fact_vaccine_record,sku,SKU s?n ph?m vaccine
262,fact_vaccine_record,product_item_code,Mă hŕng/mă s?n ph?m theo h? bán hŕng/ERP
263,fact_vaccine_record,vaccine_name,Tęn vaccine
264,fact_vaccine_record,disease_name,Tęn b?nh/??i t??ng phňng b?nh
265,fact_vaccine_record,disease_group_id,ID nhóm b?nh
266,fact_vaccine_record,disease_group_name,Tęn nhóm b?nh
267,fact_vaccine_record,regimen_id,ID phác ?? tięm áp d?ng
268,fact_vaccine_record,regimen_name,Tęn phác ?? tięm
269,fact_vaccine_record,dose_number,S? m?i (m?i th? m?y trong phác ??)
270,fact_vaccine_record,dosage,Li?u důng (kčm ??n v?)
271,fact_vaccine_record,uom,??n v? tính (unit of measure)
272,fact_vaccine_record,injection_route,???ng důng/???ng tięm (u?ng/tięm b?p/tięm d??i da…)
273,fact_vaccine_record,position,V? trí tięm (n?u lŕ tięm)
274,fact_vaccine_record,lot_date,H?n důng/lô date c?a vaccine (th??ng lŕ expiry date)
275,fact_vaccine_record,lot_number,S? lô vaccine
276,fact_vaccine_record,created_at,Th?i ?i?m t?o b?n ghi
277,fact_vaccine_record,modified_at,Th?i ?i?m c?p nh?t b?n ghi
278,fact_vaccine_record,lcv_id,ID khách hŕng/b?nh nhân tręn h? LC/Vaccine (??nh danh lięn thông)
279,fact_vaccine_record,person_id,ID ng??i tięm/khách hŕng
280,fact_vaccine_record,person_name,Tęn ng??i tięm/khách hŕng
281,fact_vaccine_record,gender,Gi?i tính
282,fact_vaccine_record,ticket_id,ID phi?u tięm/phi?u d?ch v?
283,fact_vaccine_record,ticket_code,Mă phi?u tięm
284,fact_vaccine_record,completed_ticket_date,Ngŕy hoŕn t?t phi?u tięm
285,fact_vaccine_record,ticket_status,Mă tr?ng thái phi?u tięm
286,fact_vaccine_record,ticket_note,Ghi chú phi?u tięm
287,fact_vaccine_record,ticket_created_by,Mă ng??i t?o phi?u
288,fact_vaccine_record,ticket_created_by_name,Tęn ng??i t?o phi?u
289,fact_vaccine_record,conclusion,K?t lu?n tr??c tięm (ví d?: ?? ?i?u ki?n tięm)
290,fact_vaccine_record,injection_time,Th?i ?i?m th?c hi?n tięm/u?ng vaccine
291,fact_vaccine_record,completed_tracking_time,Th?i ?i?m hoŕn t?t theo dői sau tięm
292,fact_vaccine_record,is_leave_early,Flag r?i ?i s?m khi ch?a theo dői ??
293,fact_vaccine_record,monitor_detail,Chi ti?t theo dői sau tięm (tri?u ch?ng/di?n bi?n)
294,fact_vaccine_record,health_monitor_note,Ghi chú theo dői s?c kh?e
295,fact_vaccine_record,shop_code,Mă c? s?/?i?m tięm (shop)
296,fact_vaccine_record,shop_name,Tęn c? s?/?i?m tięm
297,fact_vaccine_record,injection_clinic_id,ID phňng tięm/phňng khám trong c? s?
298,fact_vaccine_record,injection_clinic_name,Tęn phňng tięm/phňng khám
299,fact_vaccine_record,order_code_counter,Mă ??n hŕng t?i qu?y (POS/counter order)
300,fact_vaccine_record,order_return_code,Mă ??n tr?/hoŕn (n?u có)
301,fact_vaccine_record,doctor_code,Mă bác s? ch? ??nh/khám sŕng l?c
302,fact_vaccine_record,doctor_name,Tęn bác s?
303,fact_vaccine_record,injection_nursing_code,Mă ?i?u d??ng th?c hi?n tięm
304,fact_vaccine_record,injection_nursing_name,Tęn ?i?u d??ng
305,fact_vaccine_record,declaration_id,ID t? khai/khai báo (y t?/??ng ý tięm…)
306,fact_vaccine_record,is_returned,Flag ?ă hoŕn tr?/hoŕn ??n lięn quan m?i tięm
307,fact_vaccine_record,is_test,Flag d? li?u test
308,fact_vaccine_record,etl_date,Th?i ?i?m ETL/load d? li?u
309,fact_vaccine_record,etl_by,H? th?ng/ti?n trěnh ETL (ví d?: Databricks)
310,fact_vaccine_record,primary_checksum,Checksum theo khóa chính (??i soát/CDC)
311,fact_vaccine_record,record_checksum,Checksum toŕn b?n ghi (phát hi?n thay ??i n?i dung)
312,dim_person,id,id
313,dim_person,lcv_id,Mă khách hŕng vaccine
314,dim_person,person_id,Id trong b?ng ngu?n Person
315,dim_person,customer_id,Mă khách hŕng
316,dim_person,person_name,Tęn khách hŕng
317,dim_person,person_status,Tr?ng thái thái khách hŕng
318,dim_person,guardian_name,Tęn ng??i giám h?
319,dim_person,guardian_phone,S? ?i?n tho?i ng??i giám h?
320,dim_person,nation_immunization_id,Mă tięm ch?ng theo ngu?n X
321,dim_person,nationality_code,Mă qu?c t?ch
322,dim_person,nationality_name,Tęn qu?c t?ch
323,dim_person,identity_card,CCCD
324,dim_person,year_of_birth,N?m sinh
325,dim_person,month_of_birth,Tháng sinh
326,dim_person,day_of_birth,Ngŕy sinh
327,dim_person,date_of_birth,"Ngŕy, tháng, n?m sinh"
328,dim_person,gender,Gi?i tính
329,dim_person,phone_number,S? ?i?n tho?i chính th?
330,dim_person,job_title,Ngh? nghi?p
331,dim_person,email,??a ch? mail
332,dim_person,ethnic_code,Mă dân t?c
333,dim_person,ethnic_name,Tęn dân t?c
334,dim_person,note,Ghi chú thęm v? khách hŕng
335,dim_person,last_sync_tcqg,Th?i gian ??ng b? l?n cu?i v?i c?ng
336,dim_person,created_at,Ngŕy t?o
337,dim_person,modified_at,Ngŕy ch?nh s?a
338,dim_person,is_test,?ánh d?u record test (TRUE/FALSE)
339,dim_person,start_date,Th?i ?i?m b?t ??u hi?u l?c c?a record
340,dim_person,end_date,Th?i ?i?m k?t thúc hi?u l?c c?a record
341,dim_person,current_flag,?ánh d?u thông tin ?ang s? d?ng (Y/N)
342,dim_person,etl_date,Ngŕy etl
343,dim_person,etl_by,Ng??i th?c hi?n etl
344,dim_person,scd_checksum,Mă b?m důng ?? so sánh s? thay ??i d? li?u cho logic SCD
345,dim_person,record_checksum,Mă b?m toŕn b? b?n ghi ?? ki?m tra tính toŕn v?n
346,dim_person,primary_checksum,Mă b?m c?a các khóa chính ?? xác ??nh duy nh?t dňng d? li?u
347,dim_person,age_unit,??n v? tu?i (Tu?n/Tháng/Tu?i)
348,dim_person,age_unit_code,Mă ??n v? tu?i
349,dim_person,age_from,Thu?c tu?i b?t ??u t?
350,dim_person,age_to,??n tu?i k?t thúc
351,dim_person_address,Id,Id
352,dim_person_address,PersonId,Id trong b?ng ngu?n Person
353,dim_person_address,LCVId,Mă khách hŕng vaccine
354,dim_person_address,ProvinceCode,Mă code t?nh
355,dim_person_address,ProvinceName,Tęn t?nh
356,dim_person_address,DistrictCode,Mă code qu?n
357,dim_person_address,DistrictName,Tęn qu?n
358,dim_person_address,WardCode,Mă code ph??ng
359,dim_person_address,WardName,Tęn ph??ng
360,dim_person_address,Address,??a ch?
361,dim_person_address,Type,Phân bi?t lo?i ??a ch?
362,dim_person_address,Status,Tr?ng thái cňn ?ang s? d?ng (TRUE/FALSE)
363,dim_person_address,IsNew,?ánh d?u ??a ch? tr??c sáp nh?p v?i sau khi sáp nh?p (TRUE/FALSE)
364,dim_person_address,CreatedBy,Ng??i t?o
365,dim_person_address,ModifiedBy,Ng??i ch?nh s?a
366,dim_person_address,CreationTime,Ngŕy t?o
367,dim_person_address,ModifiedTime,Ngŕy ch?nh s?a
368,dim_person_address,etl_date,Ngŕy etl
369,dim_person_address,PrimaryChecksum,Mă b?m c?a các khóa chính ?? xác ??nh duy nh?t dňng d? li?u
370,dim_person_address,RecordChecksum,Mă b?m toŕn b? b?n ghi ?? ki?m tra tính toŕn v?n
371,dim_family_member,lcv_id,Mă khách hŕng vaccine
372,dim_family_member,person_id,Id trong b?ng ngu?n Person
373,dim_family_member,person_name,Tęn khách hŕng
374,dim_family_member,customer_id,Mă khách hŕng
375,dim_family_member,family_person_title,Vai trň trong gia ?ěnh
376,dim_family_member,family_profile_id,Mă h? s? gia ?ěnh
377,dim_family_member,family_name,Tęn gia ?ěnh
378,dim_family_member,guaridan_person_id,Mă ng??i giám h?
379,dim_family_member,is_guardian,?ánh d?u lŕ ng??i giám h? (TRUE/FALSE)
380,dim_family_member,created_at,Th?i gian t?o
381,dim_family_member,modified_at,Th?i gian c?p nh?t
382,dim_family_member,is_test,?ánh d?u record test (TRUE/FALSE)
383,dim_family_member,start_date,Ngŕy b?t ??u hi?u l?c
384,dim_family_member,end_date,Ngŕy k?t thúc hi?u l?c
385,dim_family_member,current_flag,?ánh d?u cňn hi?u l?c (Y/N)
386,dim_family_member,etl_date,Ngŕy etl
387,dim_family_member,etl_by,Ng??i th?c hi?n etl
388,dim_family_member,scd_checksum,Mă b?m důng ?? so sánh s? thay ??i d? li?u cho logic SCD
389,dim_family_member,primary_checksum,Mă b?m toŕn b? b?n ghi ?? ki?m tra tính toŕn v?n
390,dim_family_member,record_checksum,Mă b?m c?a các khóa chính ?? xác ??nh duy nh?t dňng d? li?u
391,dim_family_member,is_deleted,?ánh d?u gia ?ěnh ?ă b? xóa (TRUE/FALSE)
